month,n_claims,n_directional,net_direction,share_worsen,share_improve,disagreement,hedge_rate,mean_horizon,share_named,share_expert,share_official,share_journalist,n_all_claims,n_pages,attention
1900-01,11.0,11.0,0.2727272727272727,0.36363636363636365,0.6363636363636364,0.7272727272727273,0.36363636363636365,7.0,0.2727272727272727,0.18181818181818182,0.09090909090909091,0.7272727272727273,41,30,136.66666666666666
1900-02,17.0,17.0,0.29411764705882354,0.35294117647058826,0.6470588235294118,0.7058823529411764,0.5294117647058824,6.0,0.29411764705882354,0.4117647058823529,0.058823529411764705,0.47058823529411764,47,29,162.06896551724137
1900-03,28.0,27.0,0.7777777777777778,0.1111111111111111,0.8888888888888888,0.2222222222222222,0.42857142857142855,6.0,0.35714285714285715,0.5,0.07142857142857142,0.42857142857142855,59,30,196.66666666666666
1900-04,15.0,15.0,0.7333333333333333,0.13333333333333333,0.8666666666666667,0.2666666666666667,0.4666666666666667,12.0,0.4666666666666667,0.5333333333333333,0.06666666666666667,0.4,44,30,146.66666666666666
1900-05,31.0,29.0,0.4482758620689655,0.27586206896551724,0.7241379310344828,0.5517241379310345,0.2903225806451613,6.0,0.3548387096774194,0.4838709677419355,0.0,0.5161290322580645,57,29,196.55172413793105
1900-06,26.0,26.0,0.23076923076923078,0.38461538461538464,0.6153846153846154,0.7692307692307692,0.38461538461538464,6.0,0.46153846153846156,0.46153846153846156,0.07692307692307693,0.46153846153846156,56,30,186.66666666666666
1900-07,11.0,11.0,0.09090909090909091,0.45454545454545453,0.5454545454545454,0.9090909090909091,0.18181818181818182,8.0,0.18181818181818182,0.45454545454545453,0.0,0.5454545454545454,52,30,173.33333333333334
1900-08,28.0,28.0,0.5714285714285714,0.21428571428571427,0.7857142857142857,0.4285714285714286,0.32142857142857145,12.0,0.25,0.2857142857142857,0.0,0.6428571428571429,59,29,203.44827586206895
1900-09,24.0,22.0,0.0,0.5,0.5,1.0,0.5,12.0,0.2916666666666667,0.25,0.041666666666666664,0.7083333333333334,79,29,272.41379310344826
1900-10,25.0,25.0,-0.04,0.52,0.48,0.96,0.32,9.0,0.36,0.2,0.24,0.56,35,29,120.6896551724138
1900-11,29.0,29.0,-0.5862068965517241,0.7931034482758621,0.20689655172413793,0.4137931034482759,0.1724137931034483,,0.3793103448275862,0.41379310344827586,0.06896551724137931,0.4482758620689655,44,30,146.66666666666666
1900-12,20.0,19.0,0.7894736842105263,0.10526315789473684,0.8947368421052632,0.21052631578947367,0.35,7.75,0.3,0.45,0.1,0.45,42,30,140.0
1901-01,18.0,18.0,0.6666666666666666,0.16666666666666666,0.8333333333333334,0.33333333333333337,0.3888888888888889,10.5,0.1111111111111111,0.2222222222222222,0.0,0.7777777777777778,49,27,181.4814814814815
1901-02,23.0,23.0,-0.043478260869565216,0.5217391304347826,0.4782608695652174,0.9565217391304348,0.43478260869565216,12.0,0.34782608695652173,0.391304347826087,0.043478260869565216,0.5217391304347826,55,27,203.7037037037037
1901-03,40.0,39.0,0.6923076923076923,0.15384615384615385,0.8461538461538461,0.3076923076923077,0.45,9.0,0.325,0.325,0.0,0.675,71,29,244.82758620689654
1901-04,18.0,17.0,0.5294117647058824,0.23529411764705882,0.7647058823529411,0.47058823529411764,0.3888888888888889,12.0,0.2777777777777778,0.3888888888888889,0.05555555555555555,0.5,47,30,156.66666666666666
1901-05,24.0,23.0,0.043478260869565216,0.4782608695652174,0.5217391304347826,0.9565217391304348,0.5,4.5,0.2916666666666667,0.20833333333333334,0.16666666666666666,0.625,48,30,160.0
1901-06,30.0,29.0,0.5862068965517241,0.20689655172413793,0.7931034482758621,0.4137931034482759,0.4666666666666667,8.4,0.2,0.2,0.23333333333333334,0.36666666666666664,66,30,220.0
1901-07,21.0,21.0,0.047619047619047616,0.47619047619047616,0.5238095238095238,0.9523809523809523,0.38095238095238093,12.0,0.3333333333333333,0.2857142857142857,0.09523809523809523,0.6190476190476191,57,30,190.0
1901-08,16.0,16.0,0.0,0.5,0.5,1.0,0.5,12.0,0.0625,0.0625,0.0,0.9375,47,29,162.06896551724137
1901-09,27.0,26.0,0.23076923076923078,0.38461538461538464,0.6153846153846154,0.7692307692307692,0.48148148148148145,12.0,0.37037037037037035,0.4074074074074074,0.07407407407407407,0.4444444444444444,39,30,130.0
1901-10,24.0,24.0,0.4166666666666667,0.2916666666666667,0.7083333333333334,0.5833333333333333,0.5,6.0,0.2916666666666667,0.3333333333333333,0.0,0.6666666666666666,50,29,172.41379310344828
1901-11,27.0,24.0,0.5,0.25,0.75,0.5,0.48148148148148145,10.0,0.4444444444444444,0.5185185185185185,0.0,0.48148148148148145,59,30,196.66666666666666
1901-12,25.0,23.0,0.4782608695652174,0.2608695652173913,0.7391304347826086,0.5217391304347826,0.48,7.5,0.08,0.28,0.0,0.68,60,29,206.89655172413794
1902-01,30.0,30.0,0.4,0.3,0.7,0.6,0.36666666666666664,10.166666666666666,0.2,0.3,0.13333333333333333,0.5666666666666667,76,30,253.33333333333334
1902-02,12.0,11.0,0.45454545454545453,0.2727272727272727,0.7272727272727273,0.5454545454545454,0.5,12.0,0.3333333333333333,0.5833333333333334,0.08333333333333333,0.25,46,30,153.33333333333334
1902-03,10.0,10.0,0.6,0.2,0.8,0.4,0.1,,0.5,0.8,0.1,0.1,35,27,129.62962962962962
1902-04,20.0,20.0,0.9,0.05,0.95,0.09999999999999998,0.3,12.0,0.05,0.05,0.0,0.95,54,30,180.0
1902-05,21.0,21.0,0.047619047619047616,0.47619047619047616,0.5238095238095238,0.9523809523809523,0.42857142857142855,6.0,0.3333333333333333,0.2857142857142857,0.09523809523809523,0.47619047619047616,44,29,151.72413793103448
1902-06,26.0,26.0,0.6153846153846154,0.19230769230769232,0.8076923076923077,0.3846153846153846,0.34615384615384615,10.5,0.4230769230769231,0.6153846153846154,0.038461538461538464,0.34615384615384615,63,29,217.24137931034483
1902-07,28.0,28.0,0.5714285714285714,0.21428571428571427,0.7857142857142857,0.4285714285714286,0.2857142857142857,13.5,0.2857142857142857,0.35714285714285715,0.03571428571428571,0.6071428571428571,58,29,200.0
1902-08,14.0,14.0,1.0,0.0,1.0,0.0,0.5714285714285714,12.0,0.7142857142857143,0.7857142857142857,0.0,0.21428571428571427,48,29,165.51724137931035
1902-09,16.0,15.0,0.6,0.2,0.8,0.4,0.1875,4.5,0.125,0.5,0.0,0.5,39,29,134.48275862068965
1902-10,20.0,20.0,0.3,0.35,0.65,0.7,0.4,12.0,0.45,0.15,0.25,0.55,51,30,170.0
1902-11,13.0,12.0,0.5,0.25,0.75,0.5,0.38461538461538464,13.5,0.3076923076923077,0.15384615384615385,0.15384615384615385,0.6923076923076923,36,30,120.0
1902-12,31.0,30.0,0.26666666666666666,0.36666666666666664,0.6333333333333333,0.7333333333333334,0.41935483870967744,8.714285714285714,0.1935483870967742,0.2903225806451613,0.0,0.7096774193548387,63,30,210.0
1903-01,21.0,21.0,0.7142857142857143,0.14285714285714285,0.8571428571428571,0.2857142857142857,0.23809523809523808,12.0,0.38095238095238093,0.3333333333333333,0.19047619047619047,0.47619047619047616,45,30,150.0
1903-02,34.0,33.0,0.45454545454545453,0.2727272727272727,0.7272727272727273,0.5454545454545454,0.4117647058823529,6.166666666666667,0.11764705882352941,0.08823529411764706,0.0,0.9117647058823529,68,30,226.66666666666666
1903-03,16.0,15.0,0.2,0.4,0.6,0.8,0.5,8.0,0.3125,0.375,0.0,0.5625,49,30,163.33333333333334
1903-04,19.0,18.0,0.6666666666666666,0.16666666666666666,0.8333333333333334,0.33333333333333337,0.42105263157894735,12.0,0.3684210526315789,0.47368421052631576,0.05263157894736842,0.47368421052631576,44,29,151.72413793103448
1903-05,20.0,18.0,0.6666666666666666,0.16666666666666666,0.8333333333333334,0.33333333333333337,0.5,7.75,0.2,0.35,0.0,0.6,51,30,170.0
1903-06,22.0,21.0,0.42857142857142855,0.2857142857142857,0.7142857142857143,0.5714285714285714,0.45454545454545453,6.0,0.3181818181818182,0.2727272727272727,0.13636363636363635,0.5909090909090909,49,30,163.33333333333334
1903-07,44.0,44.0,0.5454545454545454,0.22727272727272727,0.7727272727272727,0.4545454545454546,0.4090909090909091,9.75,0.45454545454545453,0.4772727272727273,0.022727272727272728,0.5,71,30,236.66666666666666
1903-08,32.0,32.0,0.5,0.25,0.75,0.5,0.5,6.0,0.21875,0.25,0.0625,0.65625,74,30,246.66666666666666
1903-09,38.0,37.0,0.7837837837837838,0.10810810810810811,0.8918918918918919,0.21621621621621623,0.13157894736842105,6.0,0.47368421052631576,0.5789473684210527,0.0,0.42105263157894735,68,30,226.66666666666666
1903-10,21.0,21.0,-0.047619047619047616,0.5238095238095238,0.47619047619047616,0.9523809523809523,0.47619047619047616,8.0,0.5714285714285714,0.42857142857142855,0.2857142857142857,0.2857142857142857,48,30,160.0
1903-11,19.0,18.0,0.4444444444444444,0.2777777777777778,0.7222222222222222,0.5555555555555556,0.3684210526315789,8.0,0.631578947368421,0.5789473684210527,0.05263157894736842,0.3684210526315789,64,29,220.68965517241378
1903-12,35.0,33.0,0.696969696969697,0.15151515151515152,0.8484848484848485,0.303030303030303,0.4857142857142857,10.714285714285714,0.34285714285714286,0.42857142857142855,0.02857142857142857,0.5428571428571428,83,30,276.6666666666667
1904-01,35.0,35.0,0.9428571428571428,0.02857142857142857,0.9714285714285714,0.05714285714285716,0.42857142857142855,10.8,0.34285714285714286,0.34285714285714286,0.02857142857142857,0.6285714285714286,71,29,244.82758620689654
1904-02,14.0,14.0,0.14285714285714285,0.42857142857142855,0.5714285714285714,0.8571428571428572,0.5,,0.35714285714285715,0.5,0.0,0.42857142857142855,47,30,156.66666666666666
1904-03,18.0,17.0,0.8823529411764706,0.058823529411764705,0.9411764705882353,0.11764705882352944,0.3333333333333333,,0.2777777777777778,0.2222222222222222,0.05555555555555555,0.6111111111111112,47,30,156.66666666666666
1904-04,24.0,24.0,0.6666666666666666,0.16666666666666666,0.8333333333333334,0.33333333333333337,0.5,8.571428571428571,0.2916666666666667,0.2916666666666667,0.08333333333333333,0.5416666666666666,58,30,193.33333333333334
1904-05,18.0,17.0,0.29411764705882354,0.35294117647058826,0.6470588235294118,0.7058823529411764,0.3333333333333333,8.0,0.2777777777777778,0.2222222222222222,0.0,0.6111111111111112,43,30,143.33333333333334
1904-06,24.0,24.0,0.5833333333333334,0.20833333333333334,0.7916666666666666,0.41666666666666663,0.375,9.0,0.4166666666666667,0.4166666666666667,0.041666666666666664,0.5,50,30,166.66666666666666
1904-07,49.0,49.0,0.3877551020408163,0.30612244897959184,0.6938775510204082,0.6122448979591837,0.2857142857142857,11.25,0.3877551020408163,0.4897959183673469,0.0,0.46938775510204084,65,30,216.66666666666666
1904-08,25.0,25.0,0.36,0.32,0.68,0.64,0.32,12.0,0.4,0.28,0.04,0.68,61,29,210.3448275862069
1904-09,23.0,21.0,0.42857142857142855,0.2857142857142857,0.7142857142857143,0.5714285714285714,0.30434782608695654,6.0,0.21739130434782608,0.08695652173913043,0.13043478260869565,0.782608695652174,48,27,177.77777777777777
1904-10,40.0,39.0,0.28205128205128205,0.358974358974359,0.6410256410256411,0.717948717948718,0.35,8.8,0.325,0.35,0.075,0.525,67,30,223.33333333333334
1904-11,12.0,12.0,0.8333333333333334,0.08333333333333333,0.9166666666666666,0.16666666666666663,0.5833333333333334,6.0,0.25,0.08333333333333333,0.3333333333333333,0.5833333333333334,29,29,100.0
1904-12,29.0,28.0,0.7142857142857143,0.14285714285714285,0.8571428571428571,0.2857142857142857,0.3793103448275862,8.333333333333334,0.1724137931034483,0.1724137931034483,0.0,0.8275862068965517,55,30,183.33333333333334
1905-01,22.0,19.0,0.6842105263157895,0.15789473684210525,0.8421052631578947,0.3157894736842105,0.3181818181818182,9.0,0.5,0.36363636363636365,0.13636363636363635,0.5,41,30,136.66666666666666
1905-02,17.0,16.0,0.5,0.25,0.75,0.5,0.23529411764705882,8.333333333333334,0.058823529411764705,0.058823529411764705,0.0,0.9411764705882353,40,28,142.85714285714286
1905-03,14.0,14.0,0.0,0.5,0.5,1.0,0.5,7.5,0.07142857142857142,0.2857142857142857,0.07142857142857142,0.5714285714285714,48,28,171.42857142857142
1905-04,17.0,16.0,0.875,0.0625,0.9375,0.125,0.29411764705882354,9.0,0.35294117647058826,0.29411764705882354,0.058823529411764705,0.6470588235294118,41,26,157.69230769230768
1905-05,17.0,16.0,0.25,0.375,0.625,0.75,0.5294117647058824,6.0,0.29411764705882354,0.4117647058823529,0.058823529411764705,0.5294117647058824,59,26,226.92307692307693
1905-06,9.0,9.0,0.5555555555555556,0.2222222222222222,0.7777777777777778,0.4444444444444444,0.6666666666666666,,0.4444444444444444,0.4444444444444444,0.0,0.5555555555555556,40,29,137.93103448275863
1905-07,19.0,19.0,0.3684210526315789,0.3157894736842105,0.6842105263157895,0.631578947368421,0.5789473684210527,3.5,0.3157894736842105,0.3157894736842105,0.0,0.5789473684210527,44,27,162.96296296296296
1905-08,15.0,15.0,0.3333333333333333,0.3333333333333333,0.6666666666666666,0.6666666666666667,0.4666666666666667,12.0,0.4,0.26666666666666666,0.26666666666666666,0.4666666666666667,48,25,192.0
1905-09,35.0,34.0,0.5294117647058824,0.23529411764705882,0.7647058823529411,0.47058823529411764,0.3142857142857143,11.142857142857142,0.2857142857142857,0.4,0.02857142857142857,0.5142857142857142,69,30,230.0
1905-10,35.0,35.0,-0.3142857142857143,0.6571428571428571,0.34285714285714286,0.6857142857142857,0.34285714285714286,8.571428571428571,0.5428571428571428,0.4857142857142857,0.05714285714285714,0.2571428571428571,54,27,200.0
1905-11,21.0,19.0,0.3684210526315789,0.3157894736842105,0.6842105263157895,0.631578947368421,0.5238095238095238,6.0,0.38095238095238093,0.47619047619047616,0.047619047619047616,0.38095238095238093,44,21,209.52380952380952
1905-12,34.0,34.0,0.4117647058823529,0.29411764705882354,0.7058823529411765,0.5882352941176471,0.5294117647058824,11.0,0.35294117647058826,0.3235294117647059,0.058823529411764705,0.5294117647058824,69,29,237.93103448275863
1906-01,40.0,39.0,0.48717948717948717,0.2564102564102564,0.7435897435897436,0.5128205128205128,0.225,10.125,0.275,0.275,0.075,0.65,64,29,220.68965517241378
1906-02,16.0,15.0,0.6,0.2,0.8,0.4,0.3125,9.25,0.25,0.4375,0.0,0.5625,49,29,168.9655172413793
1906-03,28.0,28.0,0.5,0.25,0.75,0.5,0.35714285714285715,12.0,0.14285714285714285,0.21428571428571427,0.03571428571428571,0.7142857142857143,63,30,210.0
1906-04,14.0,13.0,0.8461538461538461,0.07692307692307693,0.9230769230769231,0.15384615384615385,0.42857142857142855,12.0,0.07142857142857142,0.14285714285714285,0.07142857142857142,0.7857142857142857,40,30,133.33333333333334
1906-05,16.0,16.0,1.0,0.0,1.0,0.0,0.25,9.0,0.125,0.0625,0.125,0.8125,53,27,196.2962962962963
1906-06,20.0,18.0,0.2222222222222222,0.3888888888888889,0.6111111111111112,0.7777777777777778,0.45,10.0,0.25,0.2,0.05,0.75,54,30,180.0
1906-07,39.0,38.0,0.6842105263157895,0.15789473684210525,0.8421052631578947,0.3157894736842105,0.41025641025641024,9.6,0.28205128205128205,0.3333333333333333,0.0,0.6666666666666666,78,29,268.9655172413793
1906-08,22.0,21.0,0.047619047619047616,0.47619047619047616,0.5238095238095238,0.9523809523809523,0.22727272727272727,12.0,0.13636363636363635,0.36363636363636365,0.045454545454545456,0.5909090909090909,37,30,123.33333333333333
1906-09,19.0,19.0,0.2631578947368421,0.3684210526315789,0.631578947368421,0.736842105263158,0.3157894736842105,1.0,0.21052631578947367,0.2631578947368421,0.05263157894736842,0.631578947368421,40,26,153.84615384615384
1906-10,34.0,33.0,0.5151515151515151,0.24242424242424243,0.7575757575757576,0.48484848484848486,0.4411764705882353,7.0,0.17647058823529413,0.20588235294117646,0.058823529411764705,0.7058823529411765,61,29,210.3448275862069
1906-11,18.0,15.0,0.6,0.2,0.8,0.4,0.3333333333333333,9.0,0.3888888888888889,0.16666666666666666,0.2222222222222222,0.5555555555555556,40,25,160.0
1906-12,28.0,28.0,0.5,0.25,0.75,0.5,0.35714285714285715,11.333333333333334,0.5714285714285714,0.39285714285714285,0.17857142857142858,0.42857142857142855,57,30,190.0
1907-01,27.0,27.0,0.7777777777777778,0.1111111111111111,0.8888888888888888,0.2222222222222222,0.5555555555555556,9.6,0.5185185185185185,0.5555555555555556,0.1111111111111111,0.3333333333333333,67,30,223.33333333333334
1907-02,29.0,28.0,0.0,0.5,0.5,1.0,0.5172413793103449,12.0,0.5172413793103449,0.4482758620689655,0.13793103448275862,0.41379310344827586,53,30,176.66666666666666
1907-03,20.0,19.0,0.2631578947368421,0.3684210526315789,0.631578947368421,0.736842105263158,0.4,10.8,0.4,0.35,0.15,0.5,45,30,150.0
1907-04,39.0,37.0,0.4594594594594595,0.2702702702702703,0.7297297297297297,0.5405405405405406,0.3333333333333333,7.6,0.358974358974359,0.5128205128205128,0.05128205128205128,0.41025641025641024,65,29,224.13793103448276
1907-05,26.0,26.0,-0.07692307692307693,0.5384615384615384,0.46153846153846156,0.9230769230769231,0.46153846153846156,12.0,0.34615384615384615,0.3076923076923077,0.038461538461538464,0.6538461538461539,49,29,168.9655172413793
1907-06,37.0,35.0,0.2,0.4,0.6,0.8,0.43243243243243246,6.0,0.35135135135135137,0.35135135135135137,0.24324324324324326,0.40540540540540543,60,29,206.89655172413794
1907-07,24.0,23.0,0.6521739130434783,0.17391304347826086,0.8260869565217391,0.34782608695652173,0.4166666666666667,7.5,0.4166666666666667,0.4166666666666667,0.08333333333333333,0.5,46,26,176.92307692307693
1907-08,28.0,27.0,0.4074074074074074,0.2962962962962963,0.7037037037037037,0.5925925925925926,0.25,12.0,0.32142857142857145,0.5,0.10714285714285714,0.32142857142857145,43,30,143.33333333333334
1907-09,34.0,31.0,0.3548387096774194,0.3225806451612903,0.6774193548387096,0.6451612903225806,0.5,7.0,0.47058823529411764,0.5588235294117647,0.029411764705882353,0.4117647058823529,59,29,203.44827586206895
1907-10,33.0,31.0,0.5483870967741935,0.22580645161290322,0.7741935483870968,0.4516129032258065,0.5151515151515151,3.5,0.6666666666666666,0.6060606060606061,0.15151515151515152,0.21212121212121213,67,29,231.0344827586207
1907-11,41.0,41.0,0.7073170731707317,0.14634146341463414,0.8536585365853658,0.29268292682926833,0.34146341463414637,8.0,0.3902439024390244,0.36585365853658536,0.17073170731707318,0.43902439024390244,58,30,193.33333333333334
1907-12,17.0,16.0,0.375,0.3125,0.6875,0.625,0.47058823529411764,6.0,0.35294117647058826,0.29411764705882354,0.35294117647058826,0.35294117647058826,38,30,126.66666666666667
1908-01,25.0,25.0,0.68,0.16,0.84,0.31999999999999995,0.24,12.0,0.44,0.44,0.08,0.4,63,28,225.0
1908-02,17.0,17.0,0.7647058823529411,0.11764705882352941,0.8823529411764706,0.23529411764705888,0.23529411764705882,12.0,0.5882352941176471,0.47058823529411764,0.17647058823529413,0.35294117647058826,54,30,180.0
1908-03,21.0,21.0,0.8095238095238095,0.09523809523809523,0.9047619047619048,0.19047619047619047,0.38095238095238093,12.0,0.38095238095238093,0.2857142857142857,0.14285714285714285,0.5714285714285714,44,30,146.66666666666666
1908-04,12.0,12.0,0.8333333333333334,0.08333333333333333,0.9166666666666666,0.16666666666666663,0.4166666666666667,9.0,0.16666666666666666,0.3333333333333333,0.0,0.5833333333333334,52,30,173.33333333333334
1908-05,28.0,26.0,0.8461538461538461,0.07692307692307693,0.9230769230769231,0.15384615384615385,0.32142857142857145,9.0,0.35714285714285715,0.5357142857142857,0.03571428571428571,0.35714285714285715,43,30,143.33333333333334
1908-06,25.0,24.0,0.5833333333333334,0.20833333333333334,0.7916666666666666,0.41666666666666663,0.32,,0.52,0.48,0.08,0.4,59,30,196.66666666666666
1908-07,33.0,33.0,0.5757575757575758,0.21212121212121213,0.7878787878787878,0.4242424242424242,0.2727272727272727,7.0,0.5151515151515151,0.5454545454545454,0.030303030303030304,0.42424242424242425,73,30,243.33333333333334
1908-08,32.0,32.0,0.6875,0.15625,0.84375,0.3125,0.5,5.75,0.375,0.28125,0.0625,0.65625,75,30,250.0
1908-09,18.0,17.0,0.7647058823529411,0.11764705882352941,0.8823529411764706,0.23529411764705888,0.2777777777777778,9.0,0.16666666666666666,0.2777777777777778,0.0,0.7222222222222222,59,30,196.66666666666666
1908-10,40.0,39.0,0.6410256410256411,0.1794871794871795,0.8205128205128205,0.3589743589743589,0.225,12.0,0.675,0.675,0.075,0.225,66,30,220.0
1908-11,33.0,32.0,0.875,0.0625,0.9375,0.125,0.36363636363636365,22.8,0.30303030303030304,0.36363636363636365,0.06060606060606061,0.5757575757575758,66,25,264.0
1908-12,17.0,17.0,0.6470588235294118,0.17647058823529413,0.8235294117647058,0.3529411764705882,0.35294117647058826,6.0,0.5294117647058824,0.4117647058823529,0.17647058823529413,0.29411764705882354,44,30,146.66666666666666
1909-01,31.0,27.0,0.8518518518518519,0.07407407407407407,0.9259259259259259,0.14814814814814814,0.1935483870967742,10.88888888888889,0.4838709677419355,0.6451612903225806,0.0967741935483871,0.25806451612903225,70,29,241.3793103448276
1909-02,15.0,14.0,0.14285714285714285,0.42857142857142855,0.5714285714285714,0.8571428571428572,0.5333333333333333,9.0,0.26666666666666666,0.4666666666666667,0.13333333333333333,0.4,43,30,143.33333333333334
1909-03,23.0,23.0,0.391304347826087,0.30434782608695654,0.6956521739130435,0.6086956521739131,0.43478260869565216,9.0,0.34782608695652173,0.34782608695652173,0.08695652173913043,0.5652173913043478,48,30,160.0
1909-04,45.0,45.0,0.9111111111111111,0.044444444444444446,0.9555555555555556,0.0888888888888889,0.4888888888888889,10.8,0.5111111111111111,0.5111111111111111,0.044444444444444446,0.4222222222222222,74,29,255.17241379310346
1909-05,27.0,27.0,1.0,0.0,1.0,0.0,0.25925925925925924,10.0,0.5185185185185185,0.5185185185185185,0.0,0.48148148148148145,40,30,133.33333333333334
1909-06,15.0,14.0,0.42857142857142855,0.2857142857142857,0.7142857142857143,0.5714285714285714,0.5333333333333333,12.0,0.3333333333333333,0.4,0.0,0.5333333333333333,43,28,153.57142857142858
1909-07,27.0,26.0,0.6923076923076923,0.15384615384615385,0.8461538461538461,0.3076923076923077,0.2962962962962963,6.5,0.4074074074074074,0.6296296296296297,0.037037037037037035,0.3333333333333333,58,30,193.33333333333334
1909-08,30.0,30.0,0.9333333333333333,0.03333333333333333,0.9666666666666667,0.06666666666666665,0.3,10.0,0.6,0.5,0.1,0.4,64,30,213.33333333333334
1909-09,23.0,23.0,-0.13043478260869565,0.5652173913043478,0.43478260869565216,0.8695652173913043,0.34782608695652173,10.0,0.13043478260869565,0.13043478260869565,0.0,0.8260869565217391,55,29,189.6551724137931
1909-10,23.0,22.0,0.5454545454545454,0.22727272727272727,0.7727272727272727,0.4545454545454546,0.21739130434782608,8.666666666666666,0.391304347826087,0.5217391304347826,0.043478260869565216,0.391304347826087,54,30,180.0
1909-11,21.0,21.0,0.6190476190476191,0.19047619047619047,0.8095238095238095,0.38095238095238093,0.42857142857142855,10.0,0.09523809523809523,0.2857142857142857,0.047619047619047616,0.6666666666666666,44,30,146.66666666666666
1909-12,26.0,25.0,0.36,0.32,0.68,0.64,0.4230769230769231,10.285714285714286,0.23076923076923078,0.23076923076923078,0.038461538461538464,0.7307692307692307,73,30,243.33333333333334
1910-01,23.0,23.0,0.5652173913043478,0.21739130434782608,0.782608695652174,0.4347826086956522,0.34782608695652173,12.0,0.391304347826087,0.34782608695652173,0.043478260869565216,0.5652173913043478,55,30,183.33333333333334
1910-02,28.0,25.0,0.52,0.24,0.76,0.48,0.39285714285714285,6.0,0.5,0.5357142857142857,0.07142857142857142,0.39285714285714285,59,29,203.44827586206895
1910-03,22.0,22.0,0.7272727272727273,0.13636363636363635,0.8636363636363636,0.2727272727272727,0.2727272727272727,12.0,0.0,0.09090909090909091,0.0,0.9090909090909091,50,29,172.41379310344828
1910-04,19.0,19.0,0.5789473684210527,0.21052631578947367,0.7894736842105263,0.42105263157894735,0.2631578947368421,12.0,0.3684210526315789,0.3157894736842105,0.10526315789473684,0.5263157894736842,44,30,146.66666666666666
1910-05,24.0,24.0,0.8333333333333334,0.08333333333333333,0.9166666666666666,0.16666666666666663,0.16666666666666666,12.0,0.25,0.375,0.0,0.625,60,30,200.0
1910-06,27.0,25.0,0.52,0.24,0.76,0.48,0.5185185185185185,9.0,0.2962962962962963,0.4444444444444444,0.1111111111111111,0.4444444444444444,48,30,160.0
1910-07,25.0,24.0,0.5,0.25,0.75,0.5,0.4,9.0,0.64,0.6,0.0,0.24,45,30,150.0
1910-08,28.0,28.0,0.42857142857142855,0.2857142857142857,0.7142857142857143,0.5714285714285714,0.42857142857142855,6.0,0.39285714285714285,0.4642857142857143,0.0,0.5357142857142857,50,29,172.41379310344828
1910-09,15.0,15.0,0.4666666666666667,0.26666666666666666,0.7333333333333333,0.5333333333333333,0.13333333333333333,12.0,0.26666666666666666,0.6,0.0,0.4,40,30,133.33333333333334
1910-10,20.0,20.0,0.7,0.15,0.85,0.30000000000000004,0.4,6.0,0.5,0.45,0.05,0.45,44,29,151.72413793103448
1910-11,18.0,18.0,0.3333333333333333,0.3333333333333333,0.6666666666666666,0.6666666666666667,0.3333333333333333,12.0,0.3333333333333333,0.4444444444444444,0.0,0.4444444444444444,44,30,146.66666666666666
1910-12,38.0,34.0,0.35294117647058826,0.3235294117647059,0.6764705882352942,0.6470588235294117,0.34210526315789475,8.0,0.631578947368421,0.6578947368421053,0.02631578947368421,0.2894736842105263,68,30,226.66666666666666
1911-01,30.0,30.0,0.4666666666666667,0.26666666666666666,0.7333333333333333,0.5333333333333333,0.5666666666666667,10.666666666666666,0.5,0.6,0.0,0.36666666666666664,61,30,203.33333333333334
1911-02,24.0,23.0,0.8260869565217391,0.08695652173913043,0.9130434782608695,0.17391304347826086,0.20833333333333334,5.0,0.3333333333333333,0.3333333333333333,0.041666666666666664,0.5833333333333334,47,30,156.66666666666666
1911-03,13.0,12.0,0.6666666666666666,0.16666666666666666,0.8333333333333334,0.33333333333333337,0.23076923076923078,6.0,0.46153846153846156,0.46153846153846156,0.0,0.46153846153846156,40,30,133.33333333333334
1911-04,25.0,24.0,0.75,0.125,0.875,0.25,0.28,9.0,0.28,0.6,0.0,0.32,49,29,168.9655172413793
1911-05,28.0,28.0,0.8571428571428571,0.07142857142857142,0.9285714285714286,0.1428571428571429,0.42857142857142855,9.0,0.39285714285714285,0.39285714285714285,0.0,0.6071428571428571,46,29,158.6206896551724
1911-06,7.0,7.0,0.7142857142857143,0.14285714285714285,0.8571428571428571,0.2857142857142857,0.2857142857142857,12.0,0.14285714285714285,0.2857142857142857,0.0,0.7142857142857143,28,25,112.0
1911-07,15.0,12.0,0.5,0.25,0.75,0.5,0.4666666666666667,6.0,0.4,0.4666666666666667,0.0,0.5333333333333333,57,29,196.55172413793105
1911-08,16.0,15.0,0.8666666666666667,0.06666666666666667,0.9333333333333333,0.1333333333333333,0.6875,60.0,0.5,0.5,0.0625,0.4375,60,30,200.0
1911-09,24.0,24.0,0.5833333333333334,0.20833333333333334,0.7916666666666666,0.41666666666666663,0.25,,0.4583333333333333,0.5,0.041666666666666664,0.4583333333333333,43,30,143.33333333333334
1911-10,12.0,12.0,0.8333333333333334,0.08333333333333333,0.9166666666666666,0.16666666666666663,0.5833333333333334,12.0,0.25,0.25,0.08333333333333333,0.6666666666666666,37,30,123.33333333333333
1911-11,13.0,13.0,-0.07692307692307693,0.5384615384615384,0.46153846153846156,0.9230769230769231,0.38461538461538464,,0.3076923076923077,0.5384615384615384,0.07692307692307693,0.3076923076923077,24,30,80.0
1911-12,32.0,31.0,0.8064516129032258,0.0967741935483871,0.9032258064516129,0.19354838709677424,0.34375,11.1,0.65625,0.6875,0.0625,0.25,63,28,225.0
1912-01,36.0,35.0,0.42857142857142855,0.2857142857142857,0.7142857142857143,0.5714285714285714,0.3888888888888889,15.5,0.4444444444444444,0.5833333333333334,0.05555555555555555,0.3055555555555556,54,30,180.0
1912-02,7.0,6.0,1.0,0.0,1.0,0.0,0.42857142857142855,,0.2857142857142857,0.14285714285714285,0.0,0.8571428571428571,45,26,173.07692307692307
1912-03,8.0,8.0,0.25,0.375,0.625,0.75,0.375,8.666666666666666,0.0,0.0,0.0,0.75,25,27,92.5925925925926
1912-04,13.0,13.0,0.5384615384615384,0.23076923076923078,0.7692307692307693,0.46153846153846156,0.3076923076923077,,0.23076923076923078,0.23076923076923078,0.07692307692307693,0.6923076923076923,46,26,176.92307692307693
1912-05,33.0,33.0,0.45454545454545453,0.2727272727272727,0.7272727272727273,0.5454545454545454,0.36363636363636365,10.0,0.3939393939393939,0.42424242424242425,0.030303030303030304,0.36363636363636365,65,30,216.66666666666666
1912-06,18.0,15.0,0.7333333333333333,0.13333333333333333,0.8666666666666667,0.2666666666666667,0.16666666666666666,6.0,0.2777777777777778,0.3333333333333333,0.0,0.6666666666666666,37,28,132.14285714285714
1912-07,22.0,22.0,0.9090909090909091,0.045454545454545456,0.9545454545454546,0.09090909090909094,0.2727272727272727,9.0,0.18181818181818182,0.36363636363636365,0.045454545454545456,0.5909090909090909,41,30,136.66666666666666
1912-08,23.0,23.0,0.5652173913043478,0.21739130434782608,0.782608695652174,0.4347826086956522,0.391304347826087,9.0,0.391304347826087,0.4782608695652174,0.13043478260869565,0.391304347826087,59,26,226.92307692307693
1912-09,30.0,30.0,0.6666666666666666,0.16666666666666666,0.8333333333333334,0.33333333333333337,0.23333333333333334,8.571428571428571,0.5333333333333333,0.6,0.0,0.36666666666666664,49,27,181.4814814814815
1912-10,37.0,37.0,0.5135135135135135,0.24324324324324326,0.7567567567567568,0.4864864864864865,0.21621621621621623,6.0,0.32432432432432434,0.4864864864864865,0.0,0.4864864864864865,48,27,177.77777777777777
1912-11,42.0,40.0,0.35,0.325,0.675,0.65,0.35714285714285715,11.142857142857142,0.23809523809523808,0.40476190476190477,0.09523809523809523,0.5,69,29,237.93103448275863
1912-12,25.0,23.0,0.4782608695652174,0.2608695652173913,0.7391304347826086,0.5217391304347826,0.32,10.428571428571429,0.6,0.28,0.36,0.36,50,26,192.30769230769232
1913-01,17.0,17.0,0.8823529411764706,0.058823529411764705,0.9411764705882353,0.11764705882352944,0.11764705882352941,12.0,0.4117647058823529,0.6470588235294118,0.058823529411764705,0.23529411764705882,51,29,175.86206896551724
1913-02,9.0,8.0,0.25,0.375,0.625,0.75,0.2222222222222222,12.0,0.6666666666666666,0.6666666666666666,0.0,0.3333333333333333,32,30,106.66666666666667
1913-03,7.0,7.0,0.14285714285714285,0.42857142857142855,0.5714285714285714,0.8571428571428572,0.5714285714285714,,0.8571428571428571,0.7142857142857143,0.14285714285714285,0.14285714285714285,23,29,79.3103448275862
1913-04,12.0,11.0,0.45454545454545453,0.2727272727272727,0.7272727272727273,0.5454545454545454,0.4166666666666667,12.0,0.25,0.25,0.0,0.75,44,30,146.66666666666666
1913-05,15.0,15.0,0.7333333333333333,0.13333333333333333,0.8666666666666667,0.2666666666666667,0.26666666666666666,8.0,0.3333333333333333,0.3333333333333333,0.0,0.6666666666666666,38,30,126.66666666666667
1913-06,18.0,18.0,0.7777777777777778,0.1111111111111111,0.8888888888888888,0.2222222222222222,0.4444444444444444,6.0,0.5,0.7222222222222222,0.05555555555555555,0.1111111111111111,35,29,120.6896551724138
1913-07,24.0,24.0,0.3333333333333333,0.3333333333333333,0.6666666666666666,0.6666666666666667,0.5,12.0,0.25,0.4166666666666667,0.08333333333333333,0.5,51,30,170.0
1913-08,20.0,20.0,1.0,0.0,1.0,0.0,0.45,,0.8,0.7,0.2,0.1,36,29,124.13793103448276
1913-09,28.0,28.0,0.9285714285714286,0.03571428571428571,0.9642857142857143,0.0714285714285714,0.25,6.0,0.39285714285714285,0.39285714285714285,0.03571428571428571,0.5714285714285714,70,26,269.2307692307692
1913-10,22.0,21.0,0.42857142857142855,0.2857142857142857,0.7142857142857143,0.5714285714285714,0.36363636363636365,120.0,0.36363636363636365,0.4090909090909091,0.045454545454545456,0.5454545454545454,53,30,176.66666666666666
1913-11,19.0,17.0,0.058823529411764705,0.47058823529411764,0.5294117647058824,0.9411764705882353,0.2631578947368421,24.0,0.21052631578947367,0.3157894736842105,0.0,0.631578947368421,43,30,143.33333333333334
1913-12,40.0,40.0,0.7,0.15,0.85,0.30000000000000004,0.35,9.142857142857142,0.525,0.55,0.075,0.325,56,30,186.66666666666666
1914-01,49.0,49.0,0.8775510204081632,0.061224489795918366,0.9387755102040817,0.12244897959183676,0.3877551020408163,10.363636363636363,0.5510204081632653,0.40816326530612246,0.20408163265306123,0.3877551020408163,61,29,210.3448275862069
1914-02,29.0,28.0,0.8571428571428571,0.07142857142857142,0.9285714285714286,0.1428571428571429,0.2413793103448276,6.0,0.4482758620689655,0.6206896551724138,0.13793103448275862,0.20689655172413793,49,30,163.33333333333334
1914-03,27.0,27.0,0.7037037037037037,0.14814814814814814,0.8518518518518519,0.2962962962962963,0.3333333333333333,12.0,0.2962962962962963,0.14814814814814814,0.07407407407407407,0.5925925925925926,55,30,183.33333333333334
1914-04,39.0,38.0,0.5789473684210527,0.21052631578947367,0.7894736842105263,0.42105263157894735,0.358974358974359,6.75,0.3333333333333333,0.3076923076923077,0.07692307692307693,0.5897435897435898,71,30,236.66666666666666
1914-05,24.0,24.0,0.75,0.125,0.875,0.25,0.25,12.0,0.5833333333333334,0.625,0.08333333333333333,0.25,56,30,186.66666666666666
1914-06,27.0,26.0,0.8461538461538461,0.07692307692307693,0.9230769230769231,0.15384615384615385,0.2962962962962963,12.0,0.5555555555555556,0.5185185185185185,0.1111111111111111,0.3333333333333333,48,30,160.0
1914-07,34.0,34.0,0.5882352941176471,0.20588235294117646,0.7941176470588235,0.4117647058823529,0.29411764705882354,12.0,0.7058823529411765,0.7352941176470589,0.08823529411764706,0.14705882352941177,54,29,186.20689655172413
1914-08,39.0,39.0,0.6923076923076923,0.15384615384615385,0.8461538461538461,0.3076923076923077,0.2564102564102564,9.6,0.48717948717948717,0.5641025641025641,0.1282051282051282,0.3076923076923077,75,29,258.62068965517244
1914-09,36.0,35.0,0.8857142857142857,0.05714285714285714,0.9428571428571428,0.11428571428571432,0.3611111111111111,10.166666666666666,0.5277777777777778,0.5277777777777778,0.0,0.3888888888888889,58,25,232.0
1914-10,35.0,35.0,0.7714285714285715,0.11428571428571428,0.8857142857142857,0.22857142857142854,0.2,7.4,0.5428571428571428,0.5714285714285714,0.08571428571428572,0.34285714285714286,56,30,186.66666666666666
1914-11,21.0,21.0,0.8095238095238095,0.09523809523809523,0.9047619047619048,0.19047619047619047,0.23809523809523808,7.75,0.3333333333333333,0.38095238095238093,0.19047619047619047,0.38095238095238093,53,30,176.66666666666666
1914-12,27.0,27.0,0.9259259259259259,0.037037037037037035,0.9629629629629629,0.07407407407407407,0.2222222222222222,12.0,0.4444444444444444,0.2222222222222222,0.2962962962962963,0.48148148148148145,60,30,200.0
1915-01,48.0,48.0,0.75,0.125,0.875,0.25,0.2916666666666667,10.5,0.7291666666666666,0.6666666666666666,0.16666666666666666,0.16666666666666666,67,29,231.0344827586207
1915-02,21.0,21.0,0.5238095238095238,0.23809523809523808,0.7619047619047619,0.47619047619047616,0.3333333333333333,10.8,0.2857142857142857,0.3333333333333333,0.14285714285714285,0.47619047619047616,60,29,206.89655172413794
1915-03,18.0,18.0,0.8888888888888888,0.05555555555555555,0.9444444444444444,0.11111111111111116,0.3333333333333333,6.0,0.3888888888888889,0.6666666666666666,0.0,0.3333333333333333,44,30,146.66666666666666
1915-04,35.0,35.0,0.7714285714285715,0.11428571428571428,0.8857142857142857,0.22857142857142854,0.37142857142857144,9.0,0.5428571428571428,0.5142857142857142,0.17142857142857143,0.2857142857142857,71,30,236.66666666666666
1915-05,31.0,31.0,0.4838709677419355,0.25806451612903225,0.7419354838709677,0.5161290322580645,0.3225806451612903,19.0,0.4838709677419355,0.3870967741935484,0.0967741935483871,0.3870967741935484,44,29,151.72413793103448
1915-06,15.0,15.0,0.8666666666666667,0.06666666666666667,0.9333333333333333,0.1333333333333333,0.3333333333333333,12.0,0.6,0.3333333333333333,0.4,0.26666666666666666,42,29,144.82758620689654
1915-07,8.0,8.0,0.5,0.25,0.75,0.5,0.375,6.0,0.5,0.375,0.25,0.375,30,30,100.0
1915-08,39.0,36.0,0.7222222222222222,0.1388888888888889,0.8611111111111112,0.2777777777777778,0.23076923076923078,9.0,0.20512820512820512,0.20512820512820512,0.05128205128205128,0.7435897435897436,80,30,266.6666666666667
1915-09,23.0,22.0,0.8181818181818182,0.09090909090909091,0.9090909090909091,0.18181818181818177,0.43478260869565216,,0.2608695652173913,0.34782608695652173,0.08695652173913043,0.4782608695652174,53,27,196.2962962962963
1915-10,18.0,18.0,0.5555555555555556,0.2222222222222222,0.7777777777777778,0.4444444444444444,0.3333333333333333,,0.5,0.4444444444444444,0.16666666666666666,0.3888888888888889,47,29,162.06896551724137
1915-11,13.0,13.0,0.6923076923076923,0.15384615384615385,0.8461538461538461,0.3076923076923077,0.0,,0.6923076923076923,0.6923076923076923,0.0,0.23076923076923078,37,29,127.58620689655173
1915-12,23.0,22.0,0.18181818181818182,0.4090909090909091,0.5909090909090909,0.8181818181818181,0.2608695652173913,7.75,0.21739130434782608,0.21739130434782608,0.043478260869565216,0.6956521739130435,59,30,196.66666666666666
1916-01,27.0,24.0,0.4166666666666667,0.2916666666666667,0.7083333333333334,0.5833333333333333,0.6296296296296297,12.0,0.4444444444444444,0.5925925925925926,0.1111111111111111,0.2962962962962963,53,29,182.75862068965517
1916-02,8.0,8.0,0.75,0.125,0.875,0.25,0.25,9.0,0.5,0.5,0.125,0.375,48,30,160.0
1916-03,24.0,24.0,0.3333333333333333,0.3333333333333333,0.6666666666666666,0.6666666666666667,0.3333333333333333,9.0,0.25,0.25,0.125,0.625,46,30,153.33333333333334
1916-04,16.0,16.0,0.375,0.3125,0.6875,0.625,0.25,12.0,0.5625,0.5,0.25,0.25,36,29,124.13793103448276
1916-05,15.0,15.0,0.2,0.4,0.6,0.8,0.2,12.0,0.26666666666666666,0.4666666666666667,0.06666666666666667,0.4666666666666667,41,27,151.85185185185185
1916-06,25.0,23.0,0.391304347826087,0.30434782608695654,0.6956521739130435,0.6086956521739131,0.36,12.0,0.44,0.44,0.04,0.52,50,29,172.41379310344828
1916-07,18.0,18.0,0.5555555555555556,0.2222222222222222,0.7777777777777778,0.4444444444444444,0.2777777777777778,6.0,0.3888888888888889,0.3888888888888889,0.16666666666666666,0.4444444444444444,43,30,143.33333333333334
1916-08,12.0,11.0,-0.09090909090909091,0.5454545454545454,0.45454545454545453,0.9090909090909091,0.16666666666666666,12.0,0.16666666666666666,0.16666666666666666,0.0,0.8333333333333334,31,26,119.23076923076923
1916-09,10.0,10.0,0.6,0.2,0.8,0.4,0.6,12.0,0.2,0.2,0.1,0.5,30,25,120.0
1916-10,18.0,18.0,0.3333333333333333,0.3333333333333333,0.6666666666666666,0.6666666666666667,0.6666666666666666,12.0,0.2777777777777778,0.3888888888888889,0.0,0.6111111111111112,42,26,161.53846153846155
1916-11,18.0,18.0,0.0,0.5,0.5,1.0,0.2222222222222222,12.0,0.16666666666666666,0.2777777777777778,0.0,0.6111111111111112,38,25,152.0
1916-12,28.0,28.0,0.5,0.25,0.75,0.5,0.32142857142857145,9.333333333333334,0.5357142857142857,0.39285714285714285,0.21428571428571427,0.35714285714285715,58,26,223.07692307692307
1917-01,35.0,35.0,0.2,0.4,0.6,0.8,0.2857142857142857,12.0,0.42857142857142855,0.45714285714285713,0.05714285714285714,0.4857142857142857,82,29,282.7586206896552
1917-02,22.0,22.0,0.2727272727272727,0.36363636363636365,0.6363636363636364,0.7272727272727273,0.45454545454545453,,0.22727272727272727,0.22727272727272727,0.09090909090909091,0.6363636363636364,34,27,125.92592592592592
1917-03,28.0,26.0,0.15384615384615385,0.4230769230769231,0.5769230769230769,0.8461538461538461,0.39285714285714285,10.0,0.32142857142857145,0.32142857142857145,0.25,0.42857142857142855,51,29,175.86206896551724
1917-04,18.0,17.0,0.5294117647058824,0.23529411764705882,0.7647058823529411,0.47058823529411764,0.05555555555555555,9.0,0.3333333333333333,0.3333333333333333,0.05555555555555555,0.5555555555555556,37,27,137.03703703703704
1917-05,35.0,35.0,0.7714285714285715,0.11428571428571428,0.8857142857142857,0.22857142857142854,0.2,10.0,0.6,0.45714285714285713,0.2,0.34285714285714286,56,27,207.40740740740742
1917-06,35.0,34.0,-0.35294117647058826,0.6764705882352942,0.3235294117647059,0.6470588235294117,0.2571428571428571,6.0,0.2,0.17142857142857143,0.02857142857142857,0.8,62,28,221.42857142857142
1917-07,22.0,20.0,0.8,0.1,0.9,0.19999999999999996,0.3181818181818182,9.0,0.45454545454545453,0.5454545454545454,0.0,0.45454545454545453,66,30,220.0
1917-08,19.0,18.0,0.6666666666666666,0.16666666666666666,0.8333333333333334,0.33333333333333337,0.3157894736842105,8.0,0.47368421052631576,0.3157894736842105,0.15789473684210525,0.5263157894736842,46,28,164.28571428571428
1917-09,21.0,21.0,0.3333333333333333,0.3333333333333333,0.6666666666666666,0.6666666666666667,0.14285714285714285,6.0,0.3333333333333333,0.38095238095238093,0.047619047619047616,0.5714285714285714,51,30,170.0
1917-10,18.0,17.0,0.4117647058823529,0.29411764705882354,0.7058823529411765,0.5882352941176471,0.4444444444444444,,0.2777777777777778,0.5,0.0,0.5,35,26,134.6153846153846
1917-11,24.0,23.0,0.391304347826087,0.30434782608695654,0.6956521739130435,0.6086956521739131,0.2916666666666667,7.2,0.25,0.2916666666666667,0.0,0.6666666666666666,44,27,162.96296296296296
1917-12,22.0,21.0,0.047619047619047616,0.47619047619047616,0.5238095238095238,0.9523809523809523,0.4090909090909091,10.8,0.5,0.22727272727272727,0.4090909090909091,0.3181818181818182,46,29,158.6206896551724
1918-01,38.0,38.0,0.631578947368421,0.18421052631578946,0.8157894736842105,0.368421052631579,0.2894736842105263,12.0,0.5263157894736842,0.4473684210526316,0.10526315789473684,0.42105263157894735,53,29,182.75862068965517
1918-02,15.0,15.0,0.2,0.4,0.6,0.8,0.2,,0.26666666666666666,0.26666666666666666,0.13333333333333333,0.5333333333333333,38,27,140.74074074074073
1918-03,19.0,15.0,0.4666666666666667,0.26666666666666666,0.7333333333333333,0.5333333333333333,0.3157894736842105,,0.21052631578947367,0.47368421052631576,0.10526315789473684,0.3157894736842105,37,30,123.33333333333333
1918-04,24.0,24.0,0.75,0.125,0.875,0.25,0.5416666666666666,10.0,0.4166666666666667,0.25,0.375,0.3333333333333333,36,25,144.0
1918-05,10.0,10.0,0.6,0.2,0.8,0.4,0.1,12.0,0.3,0.4,0.1,0.4,37,27,137.03703703703704
1918-06,28.0,28.0,0.14285714285714285,0.42857142857142855,0.5714285714285714,0.8571428571428572,0.14285714285714285,,0.32142857142857145,0.21428571428571427,0.25,0.5357142857142857,44,29,151.72413793103448
1918-07,35.0,35.0,0.7714285714285715,0.11428571428571428,0.8857142857142857,0.22857142857142854,0.3142857142857143,9.0,0.5714285714285714,0.4857142857142857,0.3142857142857143,0.08571428571428572,61,25,244.0
1918-08,14.0,12.0,0.0,0.5,0.5,1.0,0.21428571428571427,6.0,0.42857142857142855,0.42857142857142855,0.07142857142857142,0.42857142857142855,36,26,138.46153846153845
1918-09,17.0,17.0,0.8823529411764706,0.058823529411764705,0.9411764705882353,0.11764705882352944,0.35294117647058826,12.0,0.17647058823529413,0.35294117647058826,0.0,0.5294117647058824,33,23,143.47826086956522
1918-10,23.0,22.0,0.6363636363636364,0.18181818181818182,0.8181818181818182,0.36363636363636365,0.34782608695652173,,0.13043478260869565,0.2608695652173913,0.0,0.7391304347826086,37,27,137.03703703703704
1918-11,41.0,40.0,0.55,0.225,0.775,0.44999999999999996,0.3170731707317073,208.0,0.4634146341463415,0.34146341463414637,0.21951219512195122,0.4146341463414634,64,26,246.15384615384616
1918-12,39.0,38.0,0.6842105263157895,0.15789473684210525,0.8421052631578947,0.3157894736842105,0.23076923076923078,12.0,0.717948717948718,0.6666666666666666,0.1794871794871795,0.10256410256410256,63,30,210.0
1919-01,25.0,24.0,0.4166666666666667,0.2916666666666667,0.7083333333333334,0.5833333333333333,0.4,9.0,0.56,0.48,0.08,0.44,55,29,189.6551724137931
1919-02,32.0,32.0,0.6875,0.15625,0.84375,0.3125,0.3125,9.5,0.46875,0.46875,0.34375,0.1875,49,30,163.33333333333334
1919-03,33.0,33.0,0.45454545454545453,0.2727272727272727,0.7272727272727273,0.5454545454545454,0.30303030303030304,,0.3333333333333333,0.30303030303030304,0.21212121212121213,0.48484848484848486,57,30,190.0
1919-04,42.0,41.0,0.6097560975609756,0.1951219512195122,0.8048780487804879,0.3902439024390244,0.2857142857142857,10.0,0.35714285714285715,0.30952380952380953,0.11904761904761904,0.5476190476190477,76,30,253.33333333333334
1919-05,37.0,34.0,0.35294117647058826,0.3235294117647059,0.6764705882352942,0.6470588235294117,0.43243243243243246,10.8,0.43243243243243246,0.40540540540540543,0.16216216216216217,0.3783783783783784,50,30,166.66666666666666
1919-06,19.0,19.0,0.47368421052631576,0.2631578947368421,0.7368421052631579,0.5263157894736843,0.3157894736842105,5.5,0.3684210526315789,0.3684210526315789,0.05263157894736842,0.5263157894736842,42,30,140.0
1919-07,41.0,37.0,0.24324324324324326,0.3783783783783784,0.6216216216216216,0.7567567567567568,0.2682926829268293,9.75,0.5121951219512195,0.5609756097560976,0.17073170731707318,0.2682926829268293,68,29,234.48275862068965
1919-08,36.0,35.0,-0.37142857142857144,0.6857142857142857,0.3142857142857143,0.6285714285714286,0.2222222222222222,10.8,0.6111111111111112,0.5555555555555556,0.16666666666666666,0.2777777777777778,68,30,226.66666666666666
1919-09,29.0,29.0,0.2413793103448276,0.3793103448275862,0.6206896551724138,0.7586206896551724,0.4482758620689655,,0.3793103448275862,0.2413793103448276,0.1724137931034483,0.4827586206896552,56,30,186.66666666666666
1919-10,37.0,37.0,0.02702702702702703,0.4864864864864865,0.5135135135135135,0.972972972972973,0.32432432432432434,9.6,0.2972972972972973,0.3783783783783784,0.05405405405405406,0.5675675675675675,67,28,239.28571428571428
1919-11,22.0,22.0,0.2727272727272727,0.36363636363636365,0.6363636363636364,0.7272727272727273,0.5,12.0,0.4090909090909091,0.3181818181818182,0.18181818181818182,0.5,63,29,217.24137931034483
1919-12,37.0,35.0,0.2,0.4,0.6,0.8,0.40540540540540543,4.5,0.24324324324324326,0.43243243243243246,0.13513513513513514,0.40540540540540543,59,29,203.44827586206895
1920-01,32.0,31.0,-0.16129032258064516,0.5806451612903226,0.41935483870967744,0.8387096774193549,0.40625,15.6,0.375,0.46875,0.0625,0.375,71,30,236.66666666666666
1920-02,41.0,40.0,0.0,0.5,0.5,1.0,0.4634146341463415,10.428571428571429,0.34146341463414637,0.5121951219512195,0.04878048780487805,0.3902439024390244,56,30,186.66666666666666
1920-03,41.0,39.0,0.3333333333333333,0.3333333333333333,0.6666666666666666,0.6666666666666667,0.4634146341463415,12.0,0.21951219512195122,0.2682926829268293,0.04878048780487805,0.6097560975609756,74,30,246.66666666666666
1920-04,26.0,23.0,0.043478260869565216,0.4782608695652174,0.5217391304347826,0.9565217391304348,0.34615384615384615,8.0,0.38461538461538464,0.3076923076923077,0.11538461538461539,0.5384615384615384,44,30,146.66666666666666
1920-05,30.0,30.0,-0.06666666666666667,0.5333333333333333,0.4666666666666667,0.9333333333333333,0.43333333333333335,12.0,0.4666666666666667,0.4,0.13333333333333333,0.4666666666666667,45,30,150.0
1920-06,34.0,31.0,0.0967741935483871,0.45161290322580644,0.5483870967741935,0.9032258064516129,0.5882352941176471,11.0,0.23529411764705882,0.20588235294117646,0.029411764705882353,0.7647058823529411,54,30,180.0
1920-07,32.0,32.0,0.4375,0.28125,0.71875,0.5625,0.28125,12.0,0.25,0.34375,0.0625,0.5625,64,30,213.33333333333334
1920-08,34.0,34.0,0.0,0.5,0.5,1.0,0.47058823529411764,8.0,0.6176470588235294,0.6176470588235294,0.14705882352941177,0.20588235294117646,62,28,221.42857142857142
1920-09,29.0,28.0,0.35714285714285715,0.32142857142857145,0.6785714285714286,0.6428571428571428,0.3103448275862069,6.0,0.4482758620689655,0.41379310344827586,0.1724137931034483,0.3793103448275862,70,30,233.33333333333334
1920-10,25.0,25.0,0.28,0.36,0.64,0.72,0.48,12.0,0.24,0.12,0.16,0.6,46,30,153.33333333333334
1920-11,28.0,28.0,0.5714285714285714,0.21428571428571427,0.7857142857142857,0.4285714285714286,0.2857142857142857,10.5,0.5,0.5357142857142857,0.07142857142857142,0.35714285714285715,52,30,173.33333333333334
1920-12,58.0,56.0,0.5357142857142857,0.23214285714285715,0.7678571428571429,0.4642857142857143,0.27586206896551724,8.9375,0.3793103448275862,0.41379310344827586,0.08620689655172414,0.4827586206896552,76,29,262.0689655172414
1921-01,36.0,33.0,0.5757575757575758,0.21212121212121213,0.7878787878787878,0.4242424242424242,0.3611111111111111,4.75,0.5277777777777778,0.5,0.08333333333333333,0.4166666666666667,60,30,200.0
1921-02,24.0,23.0,0.30434782608695654,0.34782608695652173,0.6521739130434783,0.6956521739130435,0.5416666666666666,6.0,0.3333333333333333,0.2916666666666667,0.125,0.5416666666666666,41,30,136.66666666666666
1921-03,28.0,27.0,0.1111111111111111,0.4444444444444444,0.5555555555555556,0.8888888888888888,0.32142857142857145,9.0,0.32142857142857145,0.17857142857142858,0.2857142857142857,0.5,50,29,172.41379310344828
1921-04,25.0,25.0,0.52,0.24,0.76,0.48,0.2,7.75,0.52,0.32,0.2,0.44,61,29,210.3448275862069
1921-05,26.0,23.0,0.6521739130434783,0.17391304347826086,0.8260869565217391,0.34782608695652173,0.19230769230769232,9.0,0.6153846153846154,0.46153846153846156,0.19230769230769232,0.3076923076923077,60,30,200.0
1921-06,39.0,36.0,0.3333333333333333,0.3333333333333333,0.6666666666666666,0.6666666666666667,0.48717948717948717,8.0,0.38461538461538464,0.15384615384615385,0.3333333333333333,0.48717948717948717,62,30,206.66666666666666
1921-07,35.0,35.0,0.14285714285714285,0.42857142857142855,0.5714285714285714,0.8571428571428572,0.45714285714285713,6.0,0.4,0.2,0.2857142857142857,0.4857142857142857,50,30,166.66666666666666
1921-08,23.0,23.0,0.6521739130434783,0.17391304347826086,0.8260869565217391,0.34782608695652173,0.391304347826087,,0.30434782608695654,0.43478260869565216,0.043478260869565216,0.5217391304347826,47,30,156.66666666666666
1921-09,21.0,21.0,0.8095238095238095,0.09523809523809523,0.9047619047619048,0.19047619047619047,0.3333333333333333,8.0,0.3333333333333333,0.2857142857142857,0.09523809523809523,0.5714285714285714,50,30,166.66666666666666
1921-10,16.0,15.0,0.4666666666666667,0.26666666666666666,0.7333333333333333,0.5333333333333333,0.25,12.0,0.375,0.375,0.1875,0.4375,32,30,106.66666666666667
1921-11,18.0,18.0,0.7777777777777778,0.1111111111111111,0.8888888888888888,0.2222222222222222,0.2222222222222222,10.5,0.4444444444444444,0.4444444444444444,0.0,0.2777777777777778,45,29,155.17241379310346
1921-12,35.0,35.0,0.8857142857142857,0.05714285714285714,0.9428571428571428,0.11428571428571432,0.17142857142857143,11.2,0.5428571428571428,0.4857142857142857,0.11428571428571428,0.37142857142857144,79,30,263.3333333333333
1922-01,43.0,43.0,0.5813953488372093,0.20930232558139536,0.7906976744186046,0.41860465116279066,0.32558139534883723,11.6,0.6744186046511628,0.6046511627906976,0.16279069767441862,0.23255813953488372,77,30,256.6666666666667
1922-02,38.0,37.0,0.6756756756756757,0.16216216216216217,0.8378378378378378,0.32432432432432434,0.3684210526315789,9.0,0.3684210526315789,0.2631578947368421,0.18421052631578946,0.5263157894736842,49,30,163.33333333333334
1922-03,38.0,37.0,0.6216216216216216,0.1891891891891892,0.8108108108108109,0.3783783783783784,0.34210526315789475,12.0,0.6052631578947368,0.6052631578947368,0.07894736842105263,0.23684210526315788,64,30,213.33333333333334
1922-04,20.0,19.0,1.0,0.0,1.0,0.0,0.3,12.0,0.6,0.45,0.2,0.25,47,30,156.66666666666666
1922-05,20.0,20.0,0.7,0.15,0.85,0.30000000000000004,0.4,10.8,0.55,0.55,0.05,0.3,60,30,200.0
1922-06,34.0,32.0,0.8125,0.09375,0.90625,0.1875,0.5588235294117647,8.4,0.35294117647058826,0.3235294117647059,0.08823529411764706,0.47058823529411764,72,30,240.0
1922-07,33.0,33.0,0.6363636363636364,0.18181818181818182,0.8181818181818182,0.36363636363636365,0.42424242424242425,3.5,0.6060606060606061,0.6060606060606061,0.030303030303030304,0.3333333333333333,65,27,240.74074074074073
1922-08,26.0,26.0,0.6923076923076923,0.15384615384615385,0.8461538461538461,0.3076923076923077,0.34615384615384615,4.0,0.5384615384615384,0.5384615384615384,0.11538461538461539,0.34615384615384615,57,30,190.0
1922-09,29.0,29.0,0.6551724137931034,0.1724137931034483,0.8275862068965517,0.3448275862068966,0.3793103448275862,10.8,0.4827586206896552,0.3448275862068966,0.13793103448275862,0.5172413793103449,52,30,173.33333333333334
1922-10,33.0,32.0,0.875,0.0625,0.9375,0.125,0.48484848484848486,8.0,0.3939393939393939,0.6363636363636364,0.09090909090909091,0.21212121212121213,47,29,162.06896551724137
1922-11,18.0,18.0,0.8888888888888888,0.05555555555555555,0.9444444444444444,0.11111111111111116,0.3888888888888889,6.0,0.4444444444444444,0.3888888888888889,0.05555555555555555,0.5555555555555556,43,30,143.33333333333334
1922-12,36.0,35.0,0.8285714285714286,0.08571428571428572,0.9142857142857143,0.17142857142857137,0.5277777777777778,10.125,0.4722222222222222,0.3888888888888889,0.19444444444444445,0.4166666666666667,60,29,206.89655172413794
1923-01,33.0,32.0,0.1875,0.40625,0.59375,0.8125,0.3939393939393939,12.0,0.5454545454545454,0.3939393939393939,0.21212121212121213,0.3939393939393939,79,29,272.41379310344826
1923-02,46.0,45.0,0.7777777777777778,0.1111111111111111,0.8888888888888888,0.2222222222222222,0.34782608695652173,11.625,0.391304347826087,0.2391304347826087,0.17391304347826086,0.5217391304347826,83,29,286.2068965517241
1923-03,30.0,28.0,0.21428571428571427,0.39285714285714285,0.6071428571428571,0.7857142857142857,0.4,6.0,0.5,0.5,0.16666666666666666,0.3333333333333333,59,30,196.66666666666666
1923-04,24.0,23.0,0.21739130434782608,0.391304347826087,0.6086956521739131,0.782608695652174,0.375,12.0,0.3333333333333333,0.4583333333333333,0.16666666666666666,0.3333333333333333,54,30,180.0
1923-05,37.0,36.0,0.3333333333333333,0.3333333333333333,0.6666666666666666,0.6666666666666667,0.35135135135135137,10.8,0.5135135135135135,0.4594594594594595,0.24324324324324326,0.2702702702702703,58,29,200.0
1923-06,21.0,21.0,0.7142857142857143,0.14285714285714285,0.8571428571428571,0.2857142857142857,0.23809523809523808,6.0,0.5238095238095238,0.47619047619047616,0.09523809523809523,0.42857142857142855,44,29,151.72413793103448
1923-07,38.0,37.0,0.5135135135135135,0.24324324324324326,0.7567567567567568,0.4864864864864865,0.39473684210526316,9.75,0.5789473684210527,0.5789473684210527,0.02631578947368421,0.34210526315789475,72,29,248.27586206896552
1923-08,31.0,29.0,0.8620689655172413,0.06896551724137931,0.9310344827586207,0.13793103448275867,0.1935483870967742,6.0,0.4838709677419355,0.4838709677419355,0.0,0.45161290322580644,64,30,213.33333333333334
1923-09,12.0,12.0,0.6666666666666666,0.16666666666666666,0.8333333333333334,0.33333333333333337,0.16666666666666666,12.0,0.4166666666666667,0.4166666666666667,0.0,0.5,57,29,196.55172413793105
1923-10,34.0,33.0,0.45454545454545453,0.2727272727272727,0.7272727272727273,0.5454545454545454,0.5,10.8,0.4117647058823529,0.47058823529411764,0.14705882352941177,0.3235294117647059,72,29,248.27586206896552
1923-11,16.0,15.0,0.6,0.2,0.8,0.4,0.375,10.333333333333334,0.4375,0.4375,0.0,0.5625,46,25,184.0
1923-12,49.0,47.0,0.7872340425531915,0.10638297872340426,0.8936170212765957,0.21276595744680848,0.2857142857142857,11.428571428571429,0.3469387755102041,0.5918367346938775,0.10204081632653061,0.2653061224489796,92,29,317.2413793103448
1924-01,26.0,25.0,0.6,0.2,0.8,0.4,0.34615384615384615,9.375,0.38461538461538464,0.5,0.038461538461538464,0.38461538461538464,48,26,184.6153846153846
1924-02,30.0,30.0,0.6,0.2,0.8,0.4,0.36666666666666664,10.666666666666666,0.43333333333333335,0.5,0.06666666666666667,0.36666666666666664,82,28,292.85714285714283
1924-03,22.0,20.0,0.6,0.2,0.8,0.4,0.3181818181818182,9.0,0.5909090909090909,0.5454545454545454,0.045454545454545456,0.36363636363636365,43,25,172.0
1924-04,15.0,14.0,0.5714285714285714,0.21428571428571427,0.7857142857142857,0.4285714285714286,0.2,,0.6,0.6,0.0,0.4,41,30,136.66666666666666
1924-05,27.0,26.0,0.7692307692307693,0.11538461538461539,0.8846153846153846,0.23076923076923073,0.4444444444444444,7.75,0.25925925925925924,0.14814814814814814,0.18518518518518517,0.6296296296296297,49,26,188.46153846153845
1924-06,26.0,25.0,0.2,0.4,0.6,0.8,0.38461538461538464,10.0,0.38461538461538464,0.5,0.19230769230769232,0.2692307692307692,36,24,150.0
1924-07,22.0,22.0,0.6363636363636364,0.18181818181818182,0.8181818181818182,0.36363636363636365,0.36363636363636365,10.8,0.5,0.6363636363636364,0.0,0.36363636363636365,43,25,172.0
1924-08,24.0,23.0,0.7391304347826086,0.13043478260869565,0.8695652173913043,0.26086956521739135,0.375,18.0,0.4583333333333333,0.5416666666666666,0.0,0.375,45,28,160.71428571428572
1924-09,12.0,12.0,0.8333333333333334,0.08333333333333333,0.9166666666666666,0.16666666666666663,0.25,9.0,0.4166666666666667,0.5833333333333334,0.0,0.3333333333333333,39,27,144.44444444444446
1924-10,10.0,10.0,0.6,0.2,0.8,0.4,0.3,6.0,0.4,0.6,0.1,0.3,34,26,130.76923076923077
1924-11,25.0,25.0,0.84,0.08,0.92,0.16000000000000003,0.44,11.142857142857142,0.6,0.84,0.04,0.12,56,24,233.33333333333334
1924-12,27.0,26.0,0.6923076923076923,0.15384615384615385,0.8461538461538461,0.3076923076923077,0.5185185185185185,9.4,0.37037037037037035,0.4444444444444444,0.14814814814814814,0.4074074074074074,52,25,208.0
1925-01,36.0,35.0,0.6,0.2,0.8,0.4,0.25,10.3,0.3888888888888889,0.6666666666666666,0.05555555555555555,0.25,65,28,232.14285714285714
1925-02,37.0,36.0,0.6666666666666666,0.16666666666666666,0.8333333333333334,0.33333333333333337,0.32432432432432434,9.6,0.4594594594594595,0.5135135135135135,0.10810810810810811,0.35135135135135137,77,29,265.51724137931035
1925-03,32.0,31.0,0.6774193548387096,0.16129032258064516,0.8387096774193549,0.32258064516129037,0.5,11.4,0.4375,0.34375,0.125,0.46875,59,30,196.66666666666666
1925-04,34.0,33.0,0.6363636363636364,0.18181818181818182,0.8181818181818182,0.36363636363636365,0.38235294117647056,7.75,0.3235294117647059,0.47058823529411764,0.08823529411764706,0.4411764705882353,57,28,203.57142857142858
1925-05,20.0,19.0,0.6842105263157895,0.15789473684210525,0.8421052631578947,0.3157894736842105,0.3,9.0,0.5,0.45,0.15,0.4,34,27,125.92592592592592
1925-06,24.0,21.0,0.5238095238095238,0.23809523809523808,0.7619047619047619,0.47619047619047616,0.4166666666666667,12.0,0.3333333333333333,0.5,0.041666666666666664,0.375,49,25,196.0
1925-07,35.0,31.0,0.8064516129032258,0.0967741935483871,0.9032258064516129,0.19354838709677424,0.22857142857142856,7.714285714285714,0.6857142857142857,0.6285714285714286,0.17142857142857143,0.14285714285714285,72,29,248.27586206896552
1925-08,28.0,27.0,0.7037037037037037,0.14814814814814814,0.8518518518518519,0.2962962962962963,0.21428571428571427,10.5,0.6071428571428571,0.8214285714285714,0.10714285714285714,0.03571428571428571,55,26,211.53846153846155
1925-09,19.0,19.0,0.5789473684210527,0.21052631578947367,0.7894736842105263,0.42105263157894735,0.5789473684210527,10.8,0.15789473684210525,0.21052631578947367,0.05263157894736842,0.7368421052631579,61,27,225.92592592592592
1925-10,20.0,20.0,0.8,0.1,0.9,0.19999999999999996,0.15,12.0,0.65,0.45,0.3,0.25,45,25,180.0
1925-11,20.0,20.0,0.5,0.25,0.75,0.5,0.25,10.333333333333334,0.35,0.3,0.15,0.45,48,26,184.6153846153846
1925-12,18.0,18.0,0.5555555555555556,0.2222222222222222,0.7777777777777778,0.4444444444444444,0.3333333333333333,10.0,0.7222222222222222,0.6111111111111112,0.1111111111111111,0.2222222222222222,48,25,192.0
1926-01,34.0,34.0,0.7058823529411765,0.14705882352941177,0.8529411764705882,0.2941176470588235,0.29411764705882354,12.0,0.5294117647058824,0.5588235294117647,0.11764705882352941,0.29411764705882354,84,30,280.0
1926-02,22.0,21.0,0.8095238095238095,0.09523809523809523,0.9047619047619048,0.19047619047619047,0.4090909090909091,6.0,0.18181818181818182,0.18181818181818182,0.18181818181818182,0.5909090909090909,37,24,154.16666666666666
1926-03,23.0,21.0,0.5238095238095238,0.23809523809523808,0.7619047619047619,0.47619047619047616,0.5217391304347826,12.0,0.43478260869565216,0.6956521739130435,0.043478260869565216,0.2608695652173913,41,27,151.85185185185185
1926-04,26.0,26.0,0.6923076923076923,0.15384615384615385,0.8461538461538461,0.3076923076923077,0.4230769230769231,10.0,0.4230769230769231,0.38461538461538464,0.0,0.5384615384615384,44,28,157.14285714285714
1926-05,29.0,29.0,0.3103448275862069,0.3448275862068966,0.6551724137931034,0.6896551724137931,0.3793103448275862,9.428571428571429,0.2413793103448276,0.27586206896551724,0.10344827586206896,0.5862068965517241,54,23,234.7826086956522
1926-06,36.0,35.0,0.6571428571428571,0.17142857142857143,0.8285714285714286,0.34285714285714286,0.4722222222222222,11.333333333333334,0.3611111111111111,0.25,0.3888888888888889,0.3611111111111111,57,28,203.57142857142858
1926-07,20.0,18.0,0.4444444444444444,0.2777777777777778,0.7222222222222222,0.5555555555555556,0.35,6.0,0.55,0.35,0.35,0.3,52,25,208.0
1926-08,30.0,29.0,0.3793103448275862,0.3103448275862069,0.6896551724137931,0.6206896551724138,0.23333333333333334,9.0,0.6,0.5666666666666667,0.2,0.23333333333333334,49,28,175.0
1926-09,28.0,26.0,0.7692307692307693,0.11538461538461539,0.8846153846153846,0.23076923076923073,0.42857142857142855,4.142857142857143,0.6428571428571429,0.6428571428571429,0.07142857142857142,0.2857142857142857,61,25,244.0
1926-10,18.0,18.0,0.1111111111111111,0.4444444444444444,0.5555555555555556,0.8888888888888888,0.3333333333333333,12.0,0.5,0.5555555555555556,0.0,0.16666666666666666,49,27,181.4814814814815
1926-11,40.0,38.0,0.3684210526315789,0.3157894736842105,0.6842105263157895,0.631578947368421,0.425,13.2,0.225,0.375,0.1,0.475,78,27,288.8888888888889
1926-12,41.0,38.0,0.7368421052631579,0.13157894736842105,0.868421052631579,0.26315789473684215,0.1951219512195122,11.142857142857142,0.5121951219512195,0.5609756097560976,0.07317073170731707,0.36585365853658536,94,28,335.7142857142857
1927-01,20.0,20.0,0.6,0.2,0.8,0.4,0.3,10.5,0.7,0.5,0.35,0.15,67,27,248.14814814814815
1927-02,26.0,23.0,0.5652173913043478,0.21739130434782608,0.782608695652174,0.4347826086956522,0.5,9.0,0.6538461538461539,0.5384615384615384,0.07692307692307693,0.3076923076923077,61,23,265.2173913043478
1927-03,24.0,21.0,0.9047619047619048,0.047619047619047616,0.9523809523809523,0.09523809523809523,0.3333333333333333,10.0,0.4166666666666667,0.4166666666666667,0.25,0.2916666666666667,51,25,204.0
1927-04,25.0,25.0,0.76,0.12,0.88,0.24,0.2,10.363636363636363,0.72,0.6,0.16,0.2,64,26,246.15384615384616
1927-05,24.0,23.0,0.6521739130434783,0.17391304347826086,0.8260869565217391,0.34782608695652173,0.25,12.0,0.375,0.25,0.08333333333333333,0.6666666666666666,52,27,192.59259259259258
1927-06,14.0,14.0,0.5714285714285714,0.21428571428571427,0.7857142857142857,0.4285714285714286,0.21428571428571427,6.0,0.07142857142857142,0.2857142857142857,0.07142857142857142,0.42857142857142855,47,26,180.76923076923077
1927-07,16.0,16.0,0.75,0.125,0.875,0.25,0.25,8.0,0.4375,0.625,0.0625,0.1875,39,27,144.44444444444446
1927-08,21.0,19.0,0.5789473684210527,0.21052631578947367,0.7894736842105263,0.42105263157894735,0.38095238095238093,6.0,0.42857142857142855,0.38095238095238093,0.047619047619047616,0.5714285714285714,34,26,130.76923076923077
1927-09,21.0,21.0,0.6190476190476191,0.19047619047619047,0.8095238095238095,0.38095238095238093,0.5714285714285714,8.0,0.3333333333333333,0.38095238095238093,0.047619047619047616,0.5714285714285714,48,26,184.6153846153846
1927-10,37.0,36.0,0.4444444444444444,0.2777777777777778,0.7222222222222222,0.5555555555555556,0.3783783783783784,10.5,0.7027027027027027,0.5135135135135135,0.21621621621621623,0.24324324324324326,58,24,241.66666666666666
1927-11,21.0,20.0,0.8,0.1,0.9,0.19999999999999996,0.19047619047619047,12.0,0.7619047619047619,0.47619047619047616,0.2857142857142857,0.23809523809523808,42,24,175.0
1927-12,31.0,31.0,0.7419354838709677,0.12903225806451613,0.8709677419354839,0.25806451612903225,0.2903225806451613,11.454545454545455,0.7419354838709677,0.6451612903225806,0.06451612903225806,0.22580645161290322,52,26,200.0
1928-01,37.0,36.0,0.8333333333333334,0.08333333333333333,0.9166666666666666,0.16666666666666663,0.13513513513513514,12.0,0.5945945945945946,0.6216216216216216,0.08108108108108109,0.2972972972972973,68,25,272.0
1928-02,31.0,28.0,0.35714285714285715,0.32142857142857145,0.6785714285714286,0.6428571428571428,0.41935483870967744,9.75,0.3870967741935484,0.6451612903225806,0.0967741935483871,0.25806451612903225,52,25,208.0
1928-03,14.0,14.0,0.7142857142857143,0.14285714285714285,0.8571428571428571,0.2857142857142857,0.5,6.0,0.5714285714285714,0.5714285714285714,0.21428571428571427,0.07142857142857142,35,23,152.17391304347825
1928-04,17.0,14.0,0.42857142857142855,0.2857142857142857,0.7142857142857143,0.5714285714285714,0.23529411764705882,12.0,0.5294117647058824,0.29411764705882354,0.17647058823529413,0.5294117647058824,29,21,138.0952380952381
1928-05,9.0,9.0,0.5555555555555556,0.2222222222222222,0.7777777777777778,0.4444444444444444,0.3333333333333333,6.0,0.5555555555555556,0.4444444444444444,0.1111111111111111,0.4444444444444444,28,25,112.0
1928-06,32.0,31.0,0.22580645161290322,0.3870967741935484,0.6129032258064516,0.7741935483870968,0.4375,6.428571428571429,0.53125,0.53125,0.3125,0.15625,42,20,210.0
1928-07,26.0,24.0,0.5833333333333334,0.20833333333333334,0.7916666666666666,0.41666666666666663,0.4230769230769231,4.714285714285714,0.038461538461538464,0.07692307692307693,0.07692307692307693,0.8461538461538461,47,25,188.0
1928-08,20.0,19.0,-0.15789473684210525,0.5789473684210527,0.42105263157894735,0.8421052631578947,0.35,9.0,0.5,0.45,0.05,0.4,44,21,209.52380952380952
1928-09,33.0,33.0,0.696969696969697,0.15151515151515152,0.8484848484848485,0.303030303030303,0.36363636363636365,7.714285714285714,0.6666666666666666,0.6060606060606061,0.09090909090909091,0.30303030303030304,47,24,195.83333333333334
1928-10,31.0,31.0,0.6774193548387096,0.16129032258064516,0.8387096774193549,0.32258064516129037,0.3548387096774194,9.0,0.6451612903225806,0.6774193548387096,0.0967741935483871,0.1935483870967742,42,23,182.6086956521739
1928-11,29.0,29.0,0.1724137931034483,0.41379310344827586,0.5862068965517241,0.8275862068965517,0.3448275862068966,12.25,0.8275862068965517,0.7241379310344828,0.13793103448275862,0.13793103448275862,50,25,200.0
1928-12,39.0,39.0,0.6923076923076923,0.15384615384615385,0.8461538461538461,0.3076923076923077,0.3333333333333333,10.571428571428571,0.41025641025641024,0.41025641025641024,0.07692307692307693,0.46153846153846156,72,27,266.6666666666667
1929-01,17.0,16.0,0.5,0.25,0.75,0.5,0.4117647058823529,11.142857142857142,0.47058823529411764,0.5882352941176471,0.058823529411764705,0.35294117647058826,45,24,187.5
1929-02,18.0,18.0,-0.1111111111111111,0.5555555555555556,0.4444444444444444,0.8888888888888888,0.4444444444444444,9.0,0.3333333333333333,0.3333333333333333,0.2222222222222222,0.4444444444444444,32,21,152.38095238095238
1929-03,21.0,21.0,0.42857142857142855,0.2857142857142857,0.7142857142857143,0.5714285714285714,0.3333333333333333,7.0,0.47619047619047616,0.6190476190476191,0.09523809523809523,0.2857142857142857,40,25,160.0
1929-04,20.0,20.0,0.2,0.4,0.6,0.8,0.55,12.0,0.4,0.3,0.2,0.5,39,24,162.5
1929-05,17.0,17.0,0.29411764705882354,0.35294117647058826,0.6470588235294118,0.7058823529411764,0.4117647058823529,6.0,0.4117647058823529,0.35294117647058826,0.11764705882352941,0.4117647058823529,37,25,148.0
1929-06,18.0,17.0,0.5294117647058824,0.23529411764705882,0.7647058823529411,0.47058823529411764,0.6111111111111112,9.0,0.4444444444444444,0.4444444444444444,0.16666666666666666,0.3888888888888889,44,21,209.52380952380952
1929-07,16.0,15.0,0.8666666666666667,0.06666666666666667,0.9333333333333333,0.1333333333333333,0.6875,3.5,0.5,0.5,0.125,0.375,44,17,258.8235294117647
1929-08,22.0,22.0,0.7272727272727273,0.13636363636363635,0.8636363636363636,0.2727272727272727,0.5454545454545454,6.333333333333333,0.2727272727272727,0.3181818181818182,0.0,0.6818181818181818,60,23,260.8695652173913
1929-09,43.0,42.0,0.2857142857142857,0.35714285714285715,0.6428571428571429,0.7142857142857143,0.2558139534883721,9.307692307692308,0.46511627906976744,0.3953488372093023,0.09302325581395349,0.5116279069767442,67,21,319.04761904761904
1929-10,36.0,36.0,0.7222222222222222,0.1388888888888889,0.8611111111111112,0.2777777777777778,0.4722222222222222,10.5,0.5,0.4166666666666667,0.3333333333333333,0.25,50,22,227.27272727272728
1929-11,39.0,37.0,0.5675675675675675,0.21621621621621623,0.7837837837837838,0.43243243243243246,0.3333333333333333,10.5,0.5128205128205128,0.38461538461538464,0.1282051282051282,0.48717948717948717,64,25,256.0
1929-12,42.0,42.0,0.5238095238095238,0.23809523809523808,0.7619047619047619,0.47619047619047616,0.6190476190476191,10.5,0.42857142857142855,0.42857142857142855,0.09523809523809523,0.40476190476190477,77,29,265.51724137931035
1930-01,50.0,48.0,0.5833333333333334,0.20833333333333334,0.7916666666666666,0.41666666666666663,0.32,10.5,0.66,0.48,0.22,0.28,75,29,258.62068965517244
1930-02,37.0,36.0,0.3333333333333333,0.3333333333333333,0.6666666666666666,0.6666666666666667,0.1891891891891892,8.166666666666666,0.5405405405405406,0.35135135135135137,0.1891891891891892,0.4594594594594595,57,24,237.5
1930-03,31.0,30.0,0.5333333333333333,0.23333333333333334,0.7666666666666667,0.4666666666666667,0.45161290322580644,10.0,0.5806451612903226,0.3548387096774194,0.3870967741935484,0.25806451612903225,49,28,175.0
1930-04,18.0,17.0,0.6470588235294118,0.17647058823529413,0.8235294117647058,0.3529411764705882,0.3333333333333333,8.0,0.2777777777777778,0.3888888888888889,0.05555555555555555,0.5555555555555556,43,25,172.0
1930-05,38.0,36.0,0.6666666666666666,0.16666666666666666,0.8333333333333334,0.33333333333333337,0.5526315789473685,6.4,0.23684210526315788,0.4473684210526316,0.15789473684210525,0.3684210526315789,71,25,284.0
1930-06,63.0,57.0,0.2631578947368421,0.3684210526315789,0.631578947368421,0.736842105263158,0.5873015873015873,9.409090909090908,0.42857142857142855,0.746031746031746,0.047619047619047616,0.1746031746031746,98,24,408.3333333333333
1930-07,42.0,40.0,0.6,0.2,0.8,0.4,0.42857142857142855,6.25,0.6190476190476191,0.5476190476190477,0.11904761904761904,0.30952380952380953,70,28,250.0
1930-08,40.0,39.0,0.5897435897435898,0.20512820512820512,0.7948717948717948,0.41025641025641024,0.5,6.25,0.525,0.5,0.175,0.3,77,24,320.8333333333333
1930-09,49.0,48.0,0.625,0.1875,0.8125,0.375,0.42857142857142855,9.266666666666667,0.4897959183673469,0.6122448979591837,0.061224489795918366,0.24489795918367346,70,24,291.6666666666667
1930-10,28.0,28.0,0.7142857142857143,0.14285714285714285,0.8571428571428571,0.2857142857142857,0.5357142857142857,12.0,0.7142857142857143,0.7142857142857143,0.0,0.2857142857142857,54,24,225.0
1930-11,32.0,29.0,0.7241379310344828,0.13793103448275862,0.8620689655172413,0.27586206896551724,0.4375,8.8,0.4375,0.5625,0.09375,0.34375,67,25,268.0
1930-12,33.0,33.0,0.5757575757575758,0.21212121212121213,0.7878787878787878,0.4242424242424242,0.45454545454545453,10.636363636363637,0.48484848484848486,0.5151515151515151,0.2727272727272727,0.21212121212121213,72,28,257.14285714285717
1931-01,35.0,33.0,0.6363636363636364,0.18181818181818182,0.8181818181818182,0.36363636363636365,0.37142857142857144,12.0,0.5714285714285714,0.45714285714285713,0.2571428571428571,0.2857142857142857,65,25,260.0
1931-02,37.0,34.0,0.4117647058823529,0.29411764705882354,0.7058823529411765,0.5882352941176471,0.3783783783783784,8.333333333333334,0.5405405405405406,0.5675675675675675,0.10810810810810811,0.2972972972972973,67,29,231.0344827586207
1931-03,24.0,23.0,0.4782608695652174,0.2608695652173913,0.7391304347826086,0.5217391304347826,0.5416666666666666,9.0,0.4583333333333333,0.375,0.2916666666666667,0.2916666666666667,59,25,236.0
1931-04,32.0,32.0,0.125,0.4375,0.5625,0.875,0.28125,10.5,0.5625,0.625,0.21875,0.15625,46,25,184.0
1931-05,26.0,26.0,0.6153846153846154,0.19230769230769232,0.8076923076923077,0.3846153846153846,0.38461538461538464,12.0,0.6153846153846154,0.5,0.23076923076923078,0.15384615384615385,41,27,151.85185185185185
1931-06,33.0,32.0,0.3125,0.34375,0.65625,0.6875,0.45454545454545453,9.333333333333334,0.6060606060606061,0.45454545454545453,0.18181818181818182,0.30303030303030304,49,29,168.9655172413793
1931-07,44.0,43.0,0.5813953488372093,0.20930232558139536,0.7906976744186046,0.41860465116279066,0.45454545454545453,6.5,0.45454545454545453,0.4318181818181818,0.06818181818181818,0.5,70,27,259.25925925925924
1931-08,42.0,41.0,0.4146341463414634,0.2926829268292683,0.7073170731707317,0.5853658536585367,0.7142857142857143,7.142857142857143,0.5476190476190477,0.6428571428571429,0.047619047619047616,0.2857142857142857,62,26,238.46153846153845
1931-09,37.0,36.0,0.16666666666666666,0.4166666666666667,0.5833333333333334,0.8333333333333334,0.43243243243243246,9.75,0.32432432432432434,0.43243243243243246,0.21621621621621623,0.2972972972972973,65,26,250.0
1931-10,28.0,28.0,0.7857142857142857,0.10714285714285714,0.8928571428571429,0.2142857142857143,0.5,10.5,0.4642857142857143,0.6071428571428571,0.14285714285714285,0.25,61,29,210.3448275862069
1931-11,26.0,25.0,0.76,0.12,0.88,0.24,0.34615384615384615,120.0,0.7307692307692307,0.7692307692307693,0.0,0.23076923076923078,55,26,211.53846153846155
1931-12,33.0,32.0,0.5,0.25,0.75,0.5,0.18181818181818182,12.0,0.7575757575757576,0.696969696969697,0.09090909090909091,0.21212121212121213,52,28,185.71428571428572
1932-01,30.0,29.0,0.5862068965517241,0.20689655172413793,0.7931034482758621,0.4137931034482759,0.5,11.25,0.6,0.43333333333333335,0.1,0.3333333333333333,48,28,171.42857142857142
1932-02,19.0,19.0,0.7894736842105263,0.10526315789473684,0.8947368421052632,0.21052631578947367,0.47368421052631576,12.0,0.42105263157894735,0.5789473684210527,0.05263157894736842,0.2631578947368421,39,25,156.0
1932-03,25.0,25.0,0.52,0.24,0.76,0.48,0.28,5.0,0.4,0.44,0.04,0.52,48,30,160.0
1932-04,21.0,21.0,0.42857142857142855,0.2857142857142857,0.7142857142857143,0.5714285714285714,0.42857142857142855,6.5,0.7142857142857143,0.6190476190476191,0.23809523809523808,0.14285714285714285,47,29,162.06896551724137
1932-05,17.0,17.0,0.4117647058823529,0.29411764705882354,0.7058823529411765,0.5882352941176471,0.5294117647058824,6.0,0.5882352941176471,0.6470588235294118,0.11764705882352941,0.23529411764705882,34,22,154.54545454545453
1932-06,16.0,15.0,0.6,0.2,0.8,0.4,0.375,6.0,0.75,0.625,0.3125,0.0625,26,29,89.65517241379311
1932-07,25.0,24.0,0.75,0.125,0.875,0.25,0.28,9.0,0.48,0.44,0.08,0.4,42,25,168.0
1932-08,24.0,24.0,0.5833333333333334,0.20833333333333334,0.7916666666666666,0.41666666666666663,0.4583333333333333,1.0,0.7916666666666666,0.7083333333333334,0.20833333333333334,0.041666666666666664,40,28,142.85714285714286
1932-09,19.0,19.0,0.3684210526315789,0.3157894736842105,0.6842105263157895,0.631578947368421,0.5789473684210527,9.0,0.5789473684210527,0.3684210526315789,0.47368421052631576,0.15789473684210525,29,28,103.57142857142857
1932-10,19.0,19.0,0.3684210526315789,0.3157894736842105,0.6842105263157895,0.631578947368421,0.21052631578947367,6.0,0.7368421052631579,0.7368421052631579,0.05263157894736842,0.21052631578947367,43,28,153.57142857142858
1932-11,44.0,44.0,0.45454545454545453,0.2727272727272727,0.7272727272727273,0.5454545454545454,0.4090909090909091,7.4,0.6363636363636364,0.5227272727272727,0.11363636363636363,0.2727272727272727,65,30,216.66666666666666
1932-12,28.0,28.0,0.8571428571428571,0.07142857142857142,0.9285714285714286,0.1428571428571429,0.32142857142857145,8.4,0.6071428571428571,0.6428571428571429,0.03571428571428571,0.2857142857142857,55,28,196.42857142857142
1933-01,30.0,29.0,0.5862068965517241,0.20689655172413793,0.7931034482758621,0.4137931034482759,0.3333333333333333,9.272727272727273,0.5,0.6,0.06666666666666667,0.3,57,23,247.82608695652175
1933-02,14.0,13.0,0.6923076923076923,0.15384615384615385,0.8461538461538461,0.3076923076923077,0.14285714285714285,6.0,0.42857142857142855,0.42857142857142855,0.0,0.5714285714285714,34,24,141.66666666666666
1933-03,24.0,23.0,0.7391304347826086,0.13043478260869565,0.8695652173913043,0.26086956521739135,0.375,9.0,0.625,0.3333333333333333,0.20833333333333334,0.375,50,27,185.1851851851852
1933-04,28.0,28.0,0.42857142857142855,0.2857142857142857,0.7142857142857143,0.5714285714285714,0.5,,0.2857142857142857,0.32142857142857145,0.03571428571428571,0.6071428571428571,45,24,187.5
1933-05,26.0,26.0,0.7692307692307693,0.11538461538461539,0.8846153846153846,0.23076923076923073,0.19230769230769232,9.0,0.46153846153846156,0.34615384615384615,0.15384615384615385,0.5,39,24,162.5
1933-06,20.0,18.0,0.7777777777777778,0.1111111111111111,0.8888888888888888,0.2222222222222222,0.45,8.333333333333334,0.6,0.35,0.1,0.5,44,24,183.33333333333334
1933-07,27.0,26.0,0.6923076923076923,0.15384615384615385,0.8461538461538461,0.3076923076923077,0.48148148148148145,6.0,0.6296296296296297,0.2222222222222222,0.4074074074074074,0.37037037037037035,55,24,229.16666666666666
1933-08,22.0,22.0,0.7272727272727273,0.13636363636363635,0.8636363636363636,0.2727272727272727,0.5,,0.6363636363636364,0.5,0.18181818181818182,0.22727272727272727,44,25,176.0
1933-09,15.0,15.0,0.2,0.4,0.6,0.8,0.3333333333333333,9.0,0.5333333333333333,0.3333333333333333,0.2,0.4666666666666667,38,26,146.15384615384616
1933-10,26.0,26.0,0.5384615384615384,0.23076923076923078,0.7692307692307693,0.46153846153846156,0.5,10.5,0.5384615384615384,0.5384615384615384,0.07692307692307693,0.38461538461538464,54,26,207.69230769230768
1933-11,11.0,11.0,0.45454545454545453,0.2727272727272727,0.7272727272727273,0.5454545454545454,0.2727272727272727,,0.45454545454545453,0.45454545454545453,0.09090909090909091,0.36363636363636365,46,25,184.0
1933-12,51.0,51.0,0.803921568627451,0.09803921568627451,0.9019607843137255,0.196078431372549,0.5490196078431373,10.5,0.39215686274509803,0.4117647058823529,0.11764705882352941,0.47058823529411764,77,28,275.0
1934-01,54.0,54.0,0.5925925925925926,0.2037037037037037,0.7962962962962963,0.40740740740740744,0.24074074074074073,9.0,0.5555555555555556,0.4074074074074074,0.25925925925925924,0.25925925925925924,78,26,300.0
1934-02,33.0,33.0,0.696969696969697,0.15151515151515152,0.8484848484848485,0.303030303030303,0.5757575757575758,7.8,0.45454545454545453,0.6666666666666666,0.09090909090909091,0.21212121212121213,53,27,196.2962962962963
1934-03,20.0,20.0,0.3,0.35,0.65,0.7,0.3,6.333333333333333,0.45,0.3,0.25,0.35,37,25,148.0
1934-04,22.0,22.0,0.5454545454545454,0.22727272727272727,0.7727272727272727,0.4545454545454546,0.36363636363636365,12.0,0.6363636363636364,0.6818181818181818,0.2727272727272727,0.045454545454545456,38,25,152.0
1934-05,15.0,13.0,0.07692307692307693,0.46153846153846156,0.5384615384615384,0.9230769230769231,0.4666666666666667,6.0,0.7333333333333333,0.4666666666666667,0.3333333333333333,0.2,24,24,100.0
1934-06,26.0,26.0,0.38461538461538464,0.3076923076923077,0.6923076923076923,0.6153846153846154,0.46153846153846156,13.625,0.46153846153846156,0.46153846153846156,0.0,0.5384615384615384,43,25,172.0
1934-07,26.0,26.0,0.5384615384615384,0.23076923076923078,0.7692307692307693,0.46153846153846156,0.38461538461538464,6.5,0.6923076923076923,0.46153846153846156,0.3076923076923077,0.19230769230769232,42,24,175.0
1934-08,14.0,14.0,0.2857142857142857,0.35714285714285715,0.6428571428571429,0.7142857142857143,0.2857142857142857,,0.42857142857142855,0.5,0.21428571428571427,0.2857142857142857,32,26,123.07692307692308
1934-09,27.0,25.0,0.12,0.44,0.56,0.88,0.48148148148148145,10.8,0.4074074074074074,0.4444444444444444,0.1111111111111111,0.4074074074074074,60,25,240.0
1934-10,27.0,26.0,0.46153846153846156,0.2692307692307692,0.7307692307692307,0.5384615384615384,0.48148148148148145,9.0,0.6666666666666666,0.5185185185185185,0.2222222222222222,0.2222222222222222,51,24,212.5
1934-11,27.0,26.0,0.7692307692307693,0.11538461538461539,0.8846153846153846,0.23076923076923073,0.18518518518518517,12.0,0.6666666666666666,0.5185185185185185,0.14814814814814814,0.3333333333333333,39,27,144.44444444444446
1934-12,40.0,36.0,0.6666666666666666,0.16666666666666666,0.8333333333333334,0.33333333333333337,0.35,10.55,0.7,0.725,0.15,0.1,56,23,243.47826086956522
1935-01,37.0,36.0,0.5555555555555556,0.2222222222222222,0.7777777777777778,0.4444444444444444,0.32432432432432434,12.0,0.6216216216216216,0.40540540540540543,0.16216216216216217,0.40540540540540543,62,21,295.23809523809524
1935-02,37.0,36.0,0.3888888888888889,0.3055555555555556,0.6944444444444444,0.6111111111111112,0.43243243243243246,12.0,0.6216216216216216,0.6486486486486487,0.13513513513513514,0.21621621621621623,58,25,232.0
1935-03,29.0,28.0,0.35714285714285715,0.32142857142857145,0.6785714285714286,0.6428571428571428,0.27586206896551724,10.5,0.41379310344827586,0.4482758620689655,0.10344827586206896,0.4482758620689655,65,25,260.0
1935-04,30.0,30.0,0.5333333333333333,0.23333333333333334,0.7666666666666667,0.4666666666666667,0.3333333333333333,9.6,0.6,0.36666666666666664,0.26666666666666666,0.3333333333333333,42,20,210.0
1935-05,25.0,24.0,0.5833333333333334,0.20833333333333334,0.7916666666666666,0.41666666666666663,0.36,9.0,0.6,0.68,0.08,0.24,41,20,205.0
1935-06,24.0,24.0,0.4166666666666667,0.2916666666666667,0.7083333333333334,0.5833333333333333,0.3333333333333333,9.0,0.75,0.6666666666666666,0.16666666666666666,0.16666666666666666,52,26,200.0
1935-07,50.0,49.0,0.3469387755102041,0.32653061224489793,0.673469387755102,0.653061224489796,0.5,6.615384615384615,0.46,0.62,0.0,0.32,69,25,276.0
1935-08,22.0,20.0,0.2,0.4,0.6,0.8,0.45454545454545453,6.0,0.2727272727272727,0.22727272727272727,0.09090909090909091,0.6818181818181818,46,25,184.0
1935-09,29.0,29.0,0.8620689655172413,0.06896551724137931,0.9310344827586207,0.13793103448275867,0.41379310344827586,6.0,0.4827586206896552,0.6896551724137931,0.0,0.27586206896551724,36,22,163.63636363636363
1935-10,34.0,34.0,0.5294117647058824,0.23529411764705882,0.7647058823529411,0.47058823529411764,0.4117647058823529,9.0,0.35294117647058826,0.35294117647058826,0.14705882352941177,0.4411764705882353,51,19,268.42105263157896
1935-11,25.0,25.0,0.28,0.36,0.64,0.72,0.24,10.285714285714286,0.72,0.8,0.0,0.16,52,23,226.08695652173913
1935-12,52.0,51.0,0.803921568627451,0.09803921568627451,0.9019607843137255,0.196078431372549,0.38461538461538464,11.11111111111111,0.5,0.6923076923076923,0.038461538461538464,0.2692307692307692,102,25,408.0
1936-01,42.0,42.0,0.5714285714285714,0.21428571428571427,0.7857142857142857,0.4285714285714286,0.42857142857142855,9.5,0.5476190476190477,0.5952380952380952,0.07142857142857142,0.30952380952380953,62,24,258.3333333333333
1936-02,22.0,22.0,0.45454545454545453,0.2727272727272727,0.7272727272727273,0.5454545454545454,0.18181818181818182,10.0,0.7272727272727273,0.6818181818181818,0.09090909090909091,0.22727272727272727,53,25,212.0
1936-03,21.0,20.0,0.7,0.15,0.85,0.30000000000000004,0.5714285714285714,8.4,0.7142857142857143,0.7142857142857143,0.047619047619047616,0.14285714285714285,45,23,195.65217391304347
1936-04,10.0,10.0,0.6,0.2,0.8,0.4,0.4,9.0,0.7,0.4,0.4,0.2,41,22,186.36363636363637
1936-05,30.0,29.0,0.5862068965517241,0.20689655172413793,0.7931034482758621,0.4137931034482759,0.4666666666666667,9.5,0.7333333333333333,0.7,0.2,0.1,55,28,196.42857142857142
1936-06,7.0,7.0,0.14285714285714285,0.42857142857142855,0.5714285714285714,0.8571428571428572,0.7142857142857143,6.0,0.7142857142857143,0.7142857142857143,0.0,0.14285714285714285,27,17,158.8235294117647
1936-07,23.0,23.0,-0.30434782608695654,0.6521739130434783,0.34782608695652173,0.6956521739130435,0.43478260869565216,9.0,0.391304347826087,0.2608695652173913,0.21739130434782608,0.5217391304347826,39,22,177.27272727272728
1936-08,18.0,18.0,0.6666666666666666,0.16666666666666666,0.8333333333333334,0.33333333333333337,0.3333333333333333,9.0,0.4444444444444444,0.2222222222222222,0.3333333333333333,0.3888888888888889,29,22,131.8181818181818
1936-09,27.0,27.0,0.8518518518518519,0.07407407407407407,0.9259259259259259,0.14814814814814814,0.37037037037037035,11.142857142857142,0.25925925925925924,0.25925925925925924,0.4444444444444444,0.2222222222222222,38,18,211.11111111111111
1936-10,28.0,25.0,0.44,0.28,0.72,0.56,0.32142857142857145,12.0,0.4642857142857143,0.5714285714285714,0.14285714285714285,0.2857142857142857,40,24,166.66666666666666
1936-11,17.0,17.0,0.5294117647058824,0.23529411764705882,0.7647058823529411,0.47058823529411764,0.6470588235294118,9.0,0.6470588235294118,0.5882352941176471,0.29411764705882354,0.11764705882352941,32,19,168.42105263157896
1936-12,33.0,33.0,0.3333333333333333,0.3333333333333333,0.6666666666666666,0.6666666666666667,0.3939393939393939,11.571428571428571,0.5151515151515151,0.42424242424242425,0.15151515151515152,0.3939393939393939,54,20,270.0
1937-01,42.0,41.0,0.6097560975609756,0.1951219512195122,0.8048780487804879,0.3902439024390244,0.38095238095238093,11.5,0.5,0.40476190476190477,0.14285714285714285,0.42857142857142855,53,19,278.94736842105266
1937-02,13.0,13.0,1.0,0.0,1.0,0.0,0.5384615384615384,12.0,0.46153846153846156,0.5384615384615384,0.07692307692307693,0.38461538461538464,27,15,180.0
1937-03,18.0,16.0,0.375,0.3125,0.6875,0.625,0.5,8.0,0.5555555555555556,0.4444444444444444,0.2222222222222222,0.2222222222222222,25,18,138.88888888888889
1937-04,25.0,25.0,0.28,0.36,0.64,0.72,0.24,4.333333333333333,0.52,0.36,0.16,0.4,30,18,166.66666666666666
1937-05,21.0,21.0,0.6190476190476191,0.19047619047619047,0.8095238095238095,0.38095238095238093,0.23809523809523808,9.0,0.47619047619047616,0.5238095238095238,0.047619047619047616,0.42857142857142855,35,23,152.17391304347825
1937-06,36.0,35.0,0.2,0.4,0.6,0.8,0.5555555555555556,8.0,0.6111111111111112,0.5277777777777778,0.08333333333333333,0.3888888888888889,48,20,240.0
1937-07,25.0,25.0,0.12,0.44,0.56,0.88,0.6,4.666666666666667,0.28,0.64,0.12,0.08,56,25,224.0
1937-08,31.0,30.0,0.6666666666666666,0.16666666666666666,0.8333333333333334,0.33333333333333337,0.45161290322580644,6.0,0.5161290322580645,0.6774193548387096,0.06451612903225806,0.22580645161290322,58,19,305.2631578947368
1937-09,37.0,36.0,0.05555555555555555,0.4722222222222222,0.5277777777777778,0.9444444444444444,0.4594594594594595,12.0,0.35135135135135137,0.4594594594594595,0.10810810810810811,0.40540540540540543,50,25,200.0
1937-10,33.0,30.0,-0.06666666666666667,0.5333333333333333,0.4666666666666667,0.9333333333333333,0.7272727272727273,14.25,0.36363636363636365,0.48484848484848486,0.2727272727272727,0.21212121212121213,43,23,186.95652173913044
1937-11,35.0,35.0,-0.14285714285714285,0.5714285714285714,0.42857142857142855,0.8571428571428572,0.4,10.714285714285714,0.17142857142857143,0.11428571428571428,0.6,0.2571428571428571,52,22,236.36363636363637
1937-12,46.0,44.0,0.045454545454545456,0.4772727272727273,0.5227272727272727,0.9545454545454546,0.5217391304347826,10.0,0.6086956521739131,0.5434782608695652,0.1956521739130435,0.2391304347826087,60,25,240.0
1938-01,45.0,45.0,0.3333333333333333,0.3333333333333333,0.6666666666666666,0.6666666666666667,0.5555555555555556,11.0,0.7111111111111111,0.4444444444444444,0.4888888888888889,0.06666666666666667,57,20,285.0
1938-02,42.0,41.0,0.2682926829268293,0.36585365853658536,0.6341463414634146,0.7317073170731707,0.35714285714285715,6.25,0.21428571428571427,0.21428571428571427,0.07142857142857142,0.23809523809523808,60,22,272.72727272727275
1938-03,19.0,18.0,0.4444444444444444,0.2777777777777778,0.7222222222222222,0.5555555555555556,0.6842105263157895,6.0,0.42105263157894735,0.3157894736842105,0.3684210526315789,0.3157894736842105,27,21,128.57142857142858
1938-04,37.0,34.0,0.47058823529411764,0.2647058823529412,0.7352941176470589,0.5294117647058824,0.2702702702702703,8.0,0.2972972972972973,0.5405405405405406,0.08108108108108109,0.35135135135135137,45,20,225.0
1938-05,21.0,21.0,-0.047619047619047616,0.5238095238095238,0.47619047619047616,0.9523809523809523,0.5714285714285714,6.0,0.6666666666666666,0.7142857142857143,0.09523809523809523,0.19047619047619047,26,19,136.8421052631579
1938-06,33.0,33.0,0.3939393939393939,0.30303030303030304,0.696969696969697,0.6060606060606061,0.48484848484848486,9.428571428571429,0.6666666666666666,0.5151515151515151,0.18181818181818182,0.30303030303030304,51,25,204.0
1938-07,39.0,38.0,0.2631578947368421,0.3684210526315789,0.631578947368421,0.736842105263158,0.41025641025641024,10.2,0.5897435897435898,0.6410256410256411,0.15384615384615385,0.1794871794871795,47,21,223.8095238095238
1938-08,30.0,30.0,0.8666666666666667,0.06666666666666667,0.9333333333333333,0.1333333333333333,0.3333333333333333,7.181818181818182,0.5333333333333333,0.5666666666666667,0.13333333333333333,0.3,40,18,222.22222222222223
1938-09,20.0,20.0,1.0,0.0,1.0,0.0,0.45,10.5,0.25,0.3,0.2,0.45,43,24,179.16666666666666
1938-10,37.0,37.0,0.8918918918918919,0.05405405405405406,0.9459459459459459,0.10810810810810811,0.3783783783783784,10.2,0.8378378378378378,0.7027027027027027,0.16216216216216217,0.10810810810810811,59,22,268.1818181818182
1938-11,26.0,26.0,0.5384615384615384,0.23076923076923078,0.7692307692307693,0.46153846153846156,0.46153846153846156,10.0,0.7692307692307693,0.7307692307692307,0.07692307692307693,0.19230769230769232,46,22,209.0909090909091
1938-12,54.0,52.0,0.6538461538461539,0.17307692307692307,0.8269230769230769,0.34615384615384615,0.5185185185185185,10.090909090909092,0.42592592592592593,0.37037037037037035,0.037037037037037035,0.5370370370370371,67,24,279.1666666666667
1939-01,62.0,59.0,0.864406779661017,0.06779661016949153,0.9322033898305084,0.13559322033898302,0.4032258064516129,11.03225806451613,0.5967741935483871,0.7741935483870968,0.06451612903225806,0.16129032258064516,95,22,431.8181818181818
1939-02,30.0,30.0,0.6,0.2,0.8,0.4,0.36666666666666664,5.666666666666667,0.3333333333333333,0.4666666666666667,0.1,0.43333333333333335,44,18,244.44444444444446
1939-03,24.0,24.0,0.5833333333333334,0.20833333333333334,0.7916666666666666,0.41666666666666663,0.5,8.571428571428571,0.6666666666666666,0.625,0.16666666666666666,0.20833333333333334,36,20,180.0
1939-04,21.0,20.0,0.6,0.2,0.8,0.4,0.47619047619047616,8.0,0.3333333333333333,0.2857142857142857,0.09523809523809523,0.47619047619047616,37,23,160.8695652173913
1939-05,29.0,29.0,0.6551724137931034,0.1724137931034483,0.8275862068965517,0.3448275862068966,0.4482758620689655,6.0,0.5172413793103449,0.3448275862068966,0.27586206896551724,0.3793103448275862,35,16,218.75
1939-06,20.0,18.0,0.5555555555555556,0.2222222222222222,0.7777777777777778,0.4444444444444444,0.4,12.0,0.35,0.3,0.15,0.35,32,20,160.0
1939-07,29.0,28.0,0.2857142857142857,0.35714285714285715,0.6428571428571429,0.7142857142857143,0.5517241379310345,6.444444444444445,0.6551724137931034,0.7241379310344828,0.13793103448275862,0.13793103448275862,58,18,322.22222222222223
1939-08,27.0,27.0,0.037037037037037035,0.48148148148148145,0.5185185185185185,0.962962962962963,0.6296296296296297,12.0,0.37037037037037035,0.4074074074074074,0.4444444444444444,0.1111111111111111,34,19,178.94736842105263
1939-09,15.0,15.0,0.7333333333333333,0.13333333333333333,0.8666666666666667,0.2666666666666667,0.2,,0.8666666666666667,0.6666666666666666,0.13333333333333333,0.2,25,16,156.25
1939-10,43.0,42.0,0.09523809523809523,0.4523809523809524,0.5476190476190477,0.9047619047619048,0.4186046511627907,8.6,0.4883720930232558,0.5116279069767442,0.16279069767441862,0.32558139534883723,58,21,276.1904761904762
1939-11,24.0,20.0,0.2,0.4,0.6,0.8,0.4583333333333333,10.5,0.4583333333333333,0.6666666666666666,0.08333333333333333,0.25,39,20,195.0
1939-12,36.0,34.0,0.5294117647058824,0.23529411764705882,0.7647058823529411,0.47058823529411764,0.5,10.875,0.4444444444444444,0.5277777777777778,0.2777777777777778,0.19444444444444445,42,19,221.05263157894737
1940-01,26.0,25.0,0.44,0.28,0.72,0.56,0.34615384615384615,9.5,0.34615384615384615,0.46153846153846156,0.15384615384615385,0.38461538461538464,47,14,335.7142857142857
1940-02,33.0,33.0,0.3939393939393939,0.30303030303030304,0.696969696969697,0.6060606060606061,0.42424242424242425,12.0,0.36363636363636365,0.48484848484848486,0.06060606060606061,0.45454545454545453,57,22,259.09090909090907
1940-03,32.0,31.0,0.3548387096774194,0.3225806451612903,0.6774193548387096,0.6451612903225806,0.625,6.875,0.28125,0.5625,0.125,0.28125,41,22,186.36363636363637
1940-04,20.0,20.0,0.2,0.4,0.6,0.8,0.25,8.4,0.5,0.7,0.05,0.25,24,15,160.0
1940-05,7.0,7.0,-0.14285714285714285,0.5714285714285714,0.42857142857142855,0.8571428571428572,0.14285714285714285,4.0,0.42857142857142855,0.42857142857142855,0.0,0.5714285714285714,15,13,115.38461538461539
1940-06,27.0,26.0,0.5384615384615384,0.23076923076923078,0.7692307692307693,0.46153846153846156,0.2962962962962963,6.0,0.4444444444444444,0.2962962962962963,0.14814814814814814,0.4444444444444444,40,21,190.47619047619048
1940-07,39.0,39.0,0.5384615384615384,0.23076923076923078,0.7692307692307693,0.46153846153846156,0.5128205128205128,8.571428571428571,0.46153846153846156,0.5128205128205128,0.07692307692307693,0.41025641025641024,53,20,265.0
1940-08,31.0,28.0,0.7857142857142857,0.10714285714285714,0.8928571428571429,0.2142857142857143,0.2903225806451613,7.0,0.12903225806451613,0.5806451612903226,0.03225806451612903,0.3870967741935484,49,15,326.6666666666667
1940-09,42.0,40.0,0.5,0.25,0.75,0.5,0.38095238095238093,9.0,0.38095238095238093,0.7619047619047619,0.047619047619047616,0.19047619047619047,59,21,280.95238095238096
1940-10,19.0,19.0,0.47368421052631576,0.2631578947368421,0.7368421052631579,0.5263157894736843,0.5263157894736842,9.0,0.3157894736842105,0.42105263157894735,0.10526315789473684,0.3684210526315789,31,18,172.22222222222223
1940-11,20.0,19.0,0.47368421052631576,0.2631578947368421,0.7368421052631579,0.5263157894736843,0.3,12.0,0.7,0.55,0.15,0.25,32,17,188.23529411764707
1940-12,29.0,28.0,0.42857142857142855,0.2857142857142857,0.7142857142857143,0.5714285714285714,0.41379310344827586,12.0,0.7931034482758621,0.6206896551724138,0.10344827586206896,0.1724137931034483,41,15,273.3333333333333
1941-01,52.0,50.0,0.64,0.18,0.82,0.36,0.4230769230769231,12.25,0.5192307692307693,0.6538461538461539,0.038461538461538464,0.23076923076923078,69,22,313.6363636363636
1941-02,20.0,19.0,0.5789473684210527,0.21052631578947367,0.7894736842105263,0.42105263157894735,0.5,12.0,0.45,0.5,0.25,0.25,34,14,242.85714285714286
1941-03,12.0,12.0,0.6666666666666666,0.16666666666666666,0.8333333333333334,0.33333333333333337,0.5833333333333334,12.0,0.4166666666666667,0.4166666666666667,0.08333333333333333,0.4166666666666667,22,12,183.33333333333334
1941-04,10.0,10.0,-0.6,0.8,0.2,0.4,0.4,12.0,0.6,0.7,0.0,0.3,25,13,192.30769230769232
1941-05,13.0,13.0,-0.07692307692307693,0.5384615384615384,0.46153846153846156,0.9230769230769231,0.38461538461538464,12.0,0.3076923076923077,0.38461538461538464,0.07692307692307693,0.5384615384615384,30,12,250.0
1941-06,15.0,14.0,0.14285714285714285,0.42857142857142855,0.5714285714285714,0.8571428571428572,0.5333333333333333,10.8,0.4666666666666667,0.6666666666666666,0.13333333333333333,0.2,28,15,186.66666666666666
1941-07,10.0,10.0,-0.2,0.6,0.4,0.8,0.4,12.0,0.5,0.3,0.3,0.3,23,16,143.75
1941-08,10.0,10.0,0.2,0.4,0.6,0.8,0.2,12.0,0.6,0.5,0.2,0.3,19,15,126.66666666666667
1941-09,8.0,8.0,0.25,0.375,0.625,0.75,0.375,6.0,0.375,0.5,0.0,0.5,16,13,123.07692307692308
1941-10,12.0,12.0,0.0,0.5,0.5,1.0,0.4166666666666667,8.0,0.5,0.3333333333333333,0.16666666666666666,0.5,22,13,169.23076923076923
1941-11,11.0,11.0,0.6363636363636364,0.18181818181818182,0.8181818181818182,0.36363636363636365,0.45454545454545453,12.0,0.45454545454545453,0.45454545454545453,0.09090909090909091,0.45454545454545453,25,14,178.57142857142858
1941-12,12.0,11.0,0.2727272727272727,0.36363636363636365,0.6363636363636364,0.7272727272727273,0.4166666666666667,9.0,0.75,0.75,0.08333333333333333,0.08333333333333333,17,10,170.0
1942-01,46.0,45.0,0.1111111111111111,0.4444444444444444,0.5555555555555556,0.8888888888888888,0.2608695652173913,12.0,0.1956521739130435,0.2826086956521739,0.043478260869565216,0.6521739130434783,64,18,355.55555555555554
1942-02,5.0,5.0,0.2,0.4,0.6,0.8,0.4,12.0,0.2,0.2,0.2,0.6,10,7,142.85714285714286
1942-03,12.0,12.0,0.0,0.5,0.5,1.0,0.6666666666666666,12.0,0.6666666666666666,0.25,0.4166666666666667,0.25,22,14,157.14285714285714
1942-04,12.0,12.0,0.6666666666666666,0.16666666666666666,0.8333333333333334,0.33333333333333337,0.3333333333333333,12.0,0.5,0.25,0.25,0.5,23,11,209.0909090909091
1942-05,15.0,14.0,0.42857142857142855,0.2857142857142857,0.7142857142857143,0.5714285714285714,0.4666666666666667,6.166666666666667,0.3333333333333333,0.4,0.4666666666666667,0.0,17,11,154.54545454545453
1942-06,13.0,12.0,0.3333333333333333,0.3333333333333333,0.6666666666666666,0.6666666666666667,0.3076923076923077,10.5,0.6923076923076923,0.8461538461538461,0.07692307692307693,0.07692307692307693,26,10,260.0
1942-07,3.0,3.0,0.3333333333333333,0.3333333333333333,0.6666666666666666,0.6666666666666667,0.0,12.0,0.6666666666666666,1.0,0.0,0.0,6,7,85.71428571428571
1942-08,4.0,4.0,0.0,0.5,0.5,1.0,0.0,,0.0,0.0,0.0,1.0,9,9,100.0
1942-09,1.0,1.0,-1.0,1.0,0.0,0.0,0.0,,1.0,0.0,1.0,0.0,2,5,40.0
1942-10,6.0,6.0,-0.3333333333333333,0.6666666666666666,0.3333333333333333,0.6666666666666667,0.16666666666666666,12.0,0.5,0.3333333333333333,0.16666666666666666,0.5,11,11,100.0
1942-11,1.0,1.0,-1.0,1.0,0.0,0.0,1.0,12.0,1.0,1.0,0.0,0.0,2,7,28.571428571428573
1942-12,3.0,2.0,0.0,0.5,0.5,1.0,0.0,,1.0,1.0,0.0,0.0,6,7,85.71428571428571
1943-01,36.0,32.0,0.125,0.4375,0.5625,0.875,0.2222222222222222,12.0,0.6388888888888888,0.6666666666666666,0.05555555555555555,0.25,49,11,445.45454545454544
1943-02,12.0,12.0,0.0,0.5,0.5,1.0,0.25,12.0,0.4166666666666667,0.4166666666666667,0.16666666666666666,0.4166666666666667,19,9,211.11111111111111
1943-03,8.0,8.0,0.25,0.375,0.625,0.75,0.375,12.0,0.375,0.5,0.125,0.25,16,10,160.0
1943-04,6.0,6.0,-0.6666666666666666,0.8333333333333334,0.16666666666666666,0.33333333333333337,0.16666666666666666,,0.8333333333333334,0.5,0.3333333333333333,0.16666666666666666,13,5,260.0
1943-05,1.0,0.0,,,,,0.0,,1.0,1.0,0.0,0.0,1,3,33.333333333333336
1943-06,4.0,4.0,0.0,0.5,0.5,1.0,0.0,,0.25,0.5,0.0,0.5,13,6,216.66666666666666
1943-07,4.0,4.0,0.5,0.25,0.75,0.5,0.5,,0.25,0.25,0.0,0.0,5,6,83.33333333333333
1943-08,2.0,2.0,1.0,0.0,1.0,0.0,1.0,12.0,0.5,0.5,0.0,0.5,5,4,125.0
1943-09,9.0,9.0,0.5555555555555556,0.2222222222222222,0.7777777777777778,0.4444444444444444,0.2222222222222222,12.0,0.2222222222222222,0.2222222222222222,0.1111111111111111,0.6666666666666666,12,5,240.0
1943-11,5.0,5.0,-0.6,0.8,0.2,0.4,0.2,,1.0,0.8,0.2,0.0,17,7,242.85714285714286
1943-12,63.0,55.0,0.23636363636363636,0.38181818181818183,0.6181818181818182,0.7636363636363637,0.3968253968253968,12.0,0.6507936507936508,0.8412698412698413,0.015873015873015872,0.14285714285714285,81,10,810.0
1944-01,11.0,10.0,0.0,0.5,0.5,1.0,0.45454545454545453,,0.5454545454545454,0.2727272727272727,0.6363636363636364,0.0,16,9,177.77777777777777
1944-02,4.0,4.0,0.5,0.25,0.75,0.5,0.5,12.0,1.0,0.75,0.25,0.0,12,8,150.0
1944-03,8.0,7.0,0.42857142857142855,0.2857142857142857,0.7142857142857143,0.5714285714285714,0.0,1.0,0.25,0.0,0.375,0.625,9,5,180.0
1944-04,7.0,6.0,0.0,0.5,0.5,1.0,0.2857142857142857,6.5,0.5714285714285714,0.5714285714285714,0.2857142857142857,0.14285714285714285,13,7,185.71428571428572
1944-05,7.0,7.0,0.14285714285714285,0.42857142857142855,0.5714285714285714,0.8571428571428572,0.5714285714285714,6.0,0.42857142857142855,0.0,0.8571428571428571,0.14285714285714285,10,4,250.0
1944-06,25.0,24.0,0.0,0.5,0.5,1.0,0.6,12.0,0.6,0.6,0.08,0.32,34,14,242.85714285714286
1944-07,5.0,5.0,0.6,0.2,0.8,0.4,0.2,,0.4,0.4,0.6,0.0,11,4,275.0
1944-08,5.0,5.0,-0.2,0.6,0.4,0.8,0.6,6.0,1.0,0.4,0.6,0.0,8,8,100.0
1944-09,3.0,3.0,0.3333333333333333,0.3333333333333333,0.6666666666666666,0.6666666666666667,0.6666666666666666,,0.6666666666666666,0.3333333333333333,0.3333333333333333,0.3333333333333333,11,9,122.22222222222223
1944-10,12.0,12.0,0.6666666666666666,0.16666666666666666,0.8333333333333334,0.33333333333333337,0.25,12.0,0.8333333333333334,0.5,0.25,0.0,23,11,209.0909090909091
1944-11,19.0,19.0,0.2631578947368421,0.3684210526315789,0.631578947368421,0.736842105263158,0.5789473684210527,10.0,0.3157894736842105,0.5789473684210527,0.2631578947368421,0.05263157894736842,22,7,314.2857142857143
1944-12,44.0,38.0,-0.2631578947368421,0.631578947368421,0.3684210526315789,0.736842105263158,0.22727272727272727,12.0,0.6136363636363636,0.7727272727272727,0.022727272727272728,0.20454545454545456,61,9,677.7777777777778
1945-01,20.0,20.0,-0.4,0.7,0.3,0.6,0.3,9.0,0.35,0.85,0.1,0.0,32,12,266.6666666666667
1945-02,2.0,2.0,0.0,0.5,0.5,1.0,0.0,,0.5,1.0,0.0,0.0,4,3,133.33333333333334
1945-03,8.0,8.0,0.0,0.5,0.5,1.0,0.375,,0.25,0.375,0.25,0.25,15,9,166.66666666666666
1945-04,7.0,7.0,0.14285714285714285,0.42857142857142855,0.5714285714285714,0.8571428571428572,0.2857142857142857,,0.5714285714285714,0.5714285714285714,0.2857142857142857,0.14285714285714285,12,9,133.33333333333334
1945-05,6.0,6.0,0.0,0.5,0.5,1.0,0.5,6.0,0.16666666666666666,0.3333333333333333,0.0,0.6666666666666666,8,5,160.0
1945-06,6.0,6.0,0.0,0.5,0.5,1.0,0.3333333333333333,,0.3333333333333333,0.3333333333333333,0.0,0.6666666666666666,11,8,137.5
1945-07,8.0,8.0,0.0,0.5,0.5,1.0,0.5,12.0,0.125,0.625,0.375,0.0,14,11,127.27272727272727
1945-08,21.0,20.0,0.0,0.5,0.5,1.0,0.2857142857142857,8.6,0.6666666666666666,0.5238095238095238,0.19047619047619047,0.2857142857142857,29,8,362.5
1945-09,10.0,10.0,0.2,0.4,0.6,0.8,0.4,12.0,0.7,0.4,0.5,0.1,23,15,153.33333333333334
1945-10,22.0,22.0,0.6363636363636364,0.18181818181818182,0.8181818181818182,0.36363636363636365,0.3181818181818182,10.571428571428571,0.6363636363636364,0.5909090909090909,0.09090909090909091,0.3181818181818182,23,12,191.66666666666666
1945-11,16.0,16.0,0.25,0.375,0.625,0.75,0.5625,6.0,0.6875,0.5,0.1875,0.25,19,10,190.0
1945-12,55.0,52.0,0.07692307692307693,0.46153846153846156,0.5384615384615384,0.9230769230769231,0.14545454545454545,11.571428571428571,0.9454545454545454,0.8363636363636363,0.12727272727272726,0.03636363636363636,66,14,471.42857142857144
1946-01,38.0,38.0,0.3157894736842105,0.34210526315789475,0.6578947368421053,0.6842105263157895,0.34210526315789475,16.333333333333332,0.7368421052631579,0.4473684210526316,0.34210526315789475,0.21052631578947367,59,13,453.84615384615387
1946-02,12.0,12.0,0.3333333333333333,0.3333333333333333,0.6666666666666666,0.6666666666666667,0.4166666666666667,12.0,0.8333333333333334,0.75,0.08333333333333333,0.16666666666666666,20,12,166.66666666666666
1946-03,20.0,18.0,0.3333333333333333,0.3333333333333333,0.6666666666666666,0.6666666666666667,0.35,,0.45,0.35,0.2,0.45,31,9,344.44444444444446
1946-04,11.0,11.0,0.09090909090909091,0.45454545454545453,0.5454545454545454,0.9090909090909091,0.36363636363636365,12.0,0.45454545454545453,0.36363636363636365,0.2727272727272727,0.2727272727272727,24,8,300.0
1946-05,14.0,14.0,0.2857142857142857,0.35714285714285715,0.6428571428571429,0.7142857142857143,0.7857142857142857,8.0,0.5714285714285714,0.5,0.14285714285714285,0.2857142857142857,19,8,237.5
1946-06,17.0,16.0,-0.125,0.5625,0.4375,0.875,0.4117647058823529,6.0,0.47058823529411764,0.5294117647058824,0.11764705882352941,0.29411764705882354,25,8,312.5
1946-07,1.0,1.0,1.0,0.0,1.0,0.0,0.0,,1.0,0.0,1.0,0.0,3,7,42.857142857142854
1946-08,21.0,21.0,0.047619047619047616,0.47619047619047616,0.5238095238095238,0.9523809523809523,0.23809523809523808,12.0,0.6666666666666666,0.3333333333333333,0.3333333333333333,0.2857142857142857,33,13,253.84615384615384
1946-09,15.0,15.0,0.3333333333333333,0.3333333333333333,0.6666666666666666,0.6666666666666667,0.3333333333333333,6.0,0.6,0.4666666666666667,0.2,0.26666666666666666,25,14,178.57142857142858
1946-10,10.0,10.0,0.0,0.5,0.5,1.0,0.6,,0.4,0.5,0.0,0.4,12,11,109.0909090909091
1946-11,10.0,10.0,0.4,0.3,0.7,0.6,0.3,7.0,0.5,0.3,0.3,0.4,10,4,250.0
1946-12,23.0,23.0,0.5652173913043478,0.21739130434782608,0.782608695652174,0.4347826086956522,0.34782608695652173,12.0,0.8260869565217391,0.8260869565217391,0.0,0.17391304347826086,33,12,275.0
1947-01,24.0,23.0,0.21739130434782608,0.391304347826087,0.6086956521739131,0.782608695652174,0.2916666666666667,12.0,0.6666666666666666,0.625,0.08333333333333333,0.2916666666666667,37,15,246.66666666666666
1947-02,7.0,7.0,-0.14285714285714285,0.5714285714285714,0.42857142857142855,0.8571428571428572,0.42857142857142855,,0.5714285714285714,1.0,0.0,0.0,15,8,187.5
1947-03,9.0,9.0,0.3333333333333333,0.3333333333333333,0.6666666666666666,0.6666666666666667,0.3333333333333333,6.0,0.2222222222222222,0.3333333333333333,0.1111111111111111,0.5555555555555556,17,12,141.66666666666666
1947-04,8.0,8.0,-0.25,0.625,0.375,0.75,0.125,12.0,0.75,0.5,0.25,0.25,13,12,108.33333333333333
1947-05,9.0,9.0,0.3333333333333333,0.3333333333333333,0.6666666666666666,0.6666666666666667,0.4444444444444444,6.0,0.5555555555555556,0.1111111111111111,0.5555555555555556,0.3333333333333333,17,13,130.76923076923077
1947-06,11.0,11.0,0.09090909090909091,0.45454545454545453,0.5454545454545454,0.9090909090909091,0.18181818181818182,7.0,0.45454545454545453,0.45454545454545453,0.0,0.36363636363636365,19,11,172.72727272727272
1947-07,7.0,7.0,-0.42857142857142855,0.7142857142857143,0.2857142857142857,0.5714285714285714,0.2857142857142857,9.0,0.2857142857142857,0.2857142857142857,0.14285714285714285,0.5714285714285714,22,8,275.0
1947-08,14.0,14.0,0.2857142857142857,0.35714285714285715,0.6428571428571429,0.7142857142857143,0.2857142857142857,9.0,0.5,0.2857142857142857,0.21428571428571427,0.35714285714285715,27,12,225.0
1947-09,5.0,4.0,-1.0,1.0,0.0,0.0,0.6,6.0,0.6,0.2,0.4,0.4,6,6,100.0
1947-10,4.0,4.0,0.0,0.5,0.5,1.0,0.25,,0.75,0.75,0.0,0.25,12,9,133.33333333333334
1947-11,6.0,6.0,0.0,0.5,0.5,1.0,0.16666666666666666,10.0,0.3333333333333333,0.8333333333333334,0.16666666666666666,0.0,9,4,225.0
1947-12,22.0,19.0,-0.05263157894736842,0.5263157894736842,0.47368421052631576,0.9473684210526316,0.045454545454545456,12.0,0.6818181818181818,0.6818181818181818,0.09090909090909091,0.22727272727272727,38,14,271.42857142857144
1948-01,69.0,64.0,0.09375,0.453125,0.546875,0.90625,0.2318840579710145,11.877551020408163,0.782608695652174,0.7681159420289855,0.028985507246376812,0.2028985507246377,105,16,656.25
1948-02,8.0,8.0,-0.25,0.625,0.375,0.75,0.5,48.0,0.875,0.875,0.125,0.0,13,7,185.71428571428572
1948-03,12.0,10.0,0.4,0.3,0.7,0.6,0.5833333333333334,12.0,0.3333333333333333,0.4166666666666667,0.0,0.5833333333333334,19,9,211.11111111111111
1948-04,11.0,11.0,-0.09090909090909091,0.5454545454545454,0.45454545454545453,0.9090909090909091,0.45454545454545453,12.0,0.8181818181818182,0.5454545454545454,0.2727272727272727,0.18181818181818182,17,11,154.54545454545453
1948-05,4.0,4.0,0.5,0.25,0.75,0.5,0.5,,0.5,0.5,0.0,0.5,8,5,160.0
1948-06,5.0,5.0,-0.2,0.6,0.4,0.8,0.2,6.0,1.0,1.0,0.0,0.0,8,7,114.28571428571429
1948-07,6.0,6.0,-0.3333333333333333,0.6666666666666666,0.3333333333333333,0.6666666666666667,0.6666666666666666,12.0,0.16666666666666666,0.8333333333333334,0.0,0.16666666666666666,13,8,162.5
1948-08,5.0,5.0,0.6,0.2,0.8,0.4,0.6,12.0,0.8,0.4,0.4,0.0,8,7,114.28571428571429
1948-09,2.0,2.0,1.0,0.0,1.0,0.0,0.5,,0.0,0.5,0.5,0.0,15,10,150.0
1948-10,4.0,4.0,0.5,0.25,0.75,0.5,0.25,12.0,0.75,0.75,0.25,0.0,11,6,183.33333333333334
1948-11,12.0,10.0,0.2,0.4,0.6,0.8,0.4166666666666667,24.0,0.6666666666666666,0.5,0.25,0.25,15,7,214.28571428571428
1948-12,52.0,46.0,-0.34782608695652173,0.6739130434782609,0.32608695652173914,0.6521739130434783,0.21153846153846154,11.7,0.5576923076923077,0.5961538461538461,0.057692307692307696,0.3269230769230769,65,19,342.10526315789474
1949-01,14.0,14.0,0.2857142857142857,0.35714285714285715,0.6428571428571429,0.7142857142857143,0.6428571428571429,9.25,0.2857142857142857,0.42857142857142855,0.35714285714285715,0.21428571428571427,22,12,183.33333333333334
1949-02,21.0,20.0,0.1,0.45,0.55,0.9,0.42857142857142855,4.0,0.8095238095238095,0.5714285714285714,0.23809523809523808,0.19047619047619047,28,13,215.3846153846154
1949-03,19.0,19.0,0.15789473684210525,0.42105263157894735,0.5789473684210527,0.8421052631578947,0.42105263157894735,8.6,0.7368421052631579,0.5789473684210527,0.2631578947368421,0.10526315789473684,31,15,206.66666666666666
1949-04,6.0,6.0,0.3333333333333333,0.3333333333333333,0.6666666666666666,0.6666666666666667,0.16666666666666666,,0.3333333333333333,0.16666666666666666,0.16666666666666666,0.6666666666666666,8,14,57.142857142857146
1949-05,13.0,13.0,0.07692307692307693,0.46153846153846156,0.5384615384615384,0.9230769230769231,0.3076923076923077,,0.38461538461538464,0.3076923076923077,0.23076923076923078,0.3076923076923077,17,13,130.76923076923077
1949-06,14.0,14.0,-0.14285714285714285,0.5714285714285714,0.42857142857142855,0.8571428571428572,0.5,12.0,0.35714285714285715,0.5,0.2857142857142857,0.21428571428571427,25,17,147.05882352941177
1949-07,28.0,28.0,0.0,0.5,0.5,1.0,0.2857142857142857,6.0,0.4642857142857143,0.39285714285714285,0.39285714285714285,0.21428571428571427,30,13,230.76923076923077
1949-08,13.0,13.0,0.6923076923076923,0.15384615384615385,0.8461538461538461,0.3076923076923077,0.38461538461538464,,0.46153846153846156,0.23076923076923078,0.23076923076923078,0.38461538461538464,21,10,210.0
1949-09,26.0,26.0,0.8461538461538461,0.07692307692307693,0.9230769230769231,0.15384615384615385,0.4230769230769231,12.0,0.34615384615384615,0.4230769230769231,0.15384615384615385,0.34615384615384615,30,15,200.0
1949-10,6.0,6.0,-0.3333333333333333,0.6666666666666666,0.3333333333333333,0.6666666666666667,0.6666666666666666,12.0,0.5,0.5,0.3333333333333333,0.16666666666666666,11,8,137.5
1949-11,8.0,8.0,0.25,0.375,0.625,0.75,0.5,12.0,0.875,0.25,0.75,0.0,11,7,157.14285714285714
1949-12,43.0,39.0,0.02564102564102564,0.48717948717948717,0.5128205128205128,0.9743589743589743,0.11627906976744186,12.0,0.7674418604651163,0.7674418604651163,0.09302325581395349,0.13953488372093023,78,18,433.3333333333333
1950-01,24.0,24.0,0.25,0.375,0.625,0.75,0.4166666666666667,12.0,0.5,0.20833333333333334,0.4583333333333333,0.3333333333333333,55,18,305.55555555555554
1950-02,4.0,4.0,0.5,0.25,0.75,0.5,0.75,,0.25,0.75,0.0,0.25,10,8,125.0
1950-03,10.0,10.0,0.6,0.2,0.8,0.4,0.5,6.0,0.8,0.6,0.2,0.2,14,8,175.0
1950-04,20.0,20.0,0.1,0.45,0.55,0.9,0.5,9.428571428571429,0.45,0.4,0.15,0.45,28,12,233.33333333333334
1950-05,8.0,8.0,0.5,0.25,0.75,0.5,0.0,6.333333333333333,0.75,0.625,0.125,0.25,16,12,133.33333333333334
1950-06,5.0,5.0,0.6,0.2,0.8,0.4,0.4,6.0,1.0,0.8,0.2,0.0,13,10,130.0
1950-07,21.0,21.0,-0.047619047619047616,0.5238095238095238,0.47619047619047616,0.9523809523809523,0.6666666666666666,6.0,0.8571428571428571,0.9523809523809523,0.0,0.047619047619047616,33,12,275.0
1950-08,5.0,5.0,0.2,0.4,0.6,0.8,0.6,6.0,1.0,0.6,0.2,0.2,6,6,100.0
1950-09,4.0,4.0,0.0,0.5,0.5,1.0,0.75,,0.75,0.5,0.25,0.0,7,6,116.66666666666667
1950-10,5.0,4.0,0.0,0.5,0.5,1.0,0.4,12.0,0.4,1.0,0.0,0.0,6,3,200.0
1950-11,4.0,4.0,0.5,0.25,0.75,0.5,0.25,,0.5,0.5,0.25,0.0,13,9,144.44444444444446
1950-12,17.0,13.0,-0.5384615384615384,0.7692307692307693,0.23076923076923078,0.46153846153846156,0.11764705882352941,11.571428571428571,0.4117647058823529,0.7058823529411765,0.23529411764705882,0.058823529411764705,30,12,250.0
1951-01,1.0,1.0,-1.0,1.0,0.0,0.0,0.0,,0.0,0.0,0.0,1.0,1,2,50.0
1951-02,1.0,1.0,-1.0,1.0,0.0,0.0,1.0,,0.0,0.0,1.0,0.0,2,4,50.0
1951-03,1.0,1.0,1.0,0.0,1.0,0.0,1.0,,1.0,0.0,1.0,0.0,4,5,80.0
1951-04,3.0,3.0,-0.3333333333333333,0.6666666666666666,0.3333333333333333,0.6666666666666667,0.3333333333333333,,0.3333333333333333,0.3333333333333333,0.6666666666666666,0.0,4,5,80.0
1951-05,1.0,1.0,1.0,0.0,1.0,0.0,1.0,,1.0,1.0,0.0,0.0,6,6,100.0
1951-08,4.0,4.0,0.0,0.5,0.5,1.0,0.75,,0.5,0.0,0.5,0.25,10,7,142.85714285714286
1951-09,2.0,2.0,-1.0,1.0,0.0,0.0,0.0,,1.0,0.0,1.0,0.0,2,4,50.0
1951-10,2.0,2.0,1.0,0.0,1.0,0.0,0.5,,0.5,1.0,0.0,0.0,3,4,75.0
1951-12,13.0,12.0,-0.3333333333333333,0.6666666666666666,0.3333333333333333,0.6666666666666667,0.15384615384615385,10.0,0.3076923076923077,0.5384615384615384,0.38461538461538464,0.07692307692307693,18,5,360.0
1952-01,34.0,28.0,0.07142857142857142,0.4642857142857143,0.5357142857142857,0.9285714285714286,0.35294117647058826,10.875,0.2647058823529412,0.4411764705882353,0.11764705882352941,0.4117647058823529,38,12,316.6666666666667
1952-02,6.0,6.0,0.3333333333333333,0.3333333333333333,0.6666666666666666,0.6666666666666667,0.16666666666666666,9.0,0.0,0.0,0.0,1.0,11,3,366.6666666666667
1952-03,6.0,5.0,0.2,0.4,0.6,0.8,0.6666666666666666,6.0,0.3333333333333333,0.16666666666666666,0.5,0.3333333333333333,22,8,275.0
1952-04,5.0,5.0,0.6,0.2,0.8,0.4,0.4,12.0,0.6,1.0,0.0,0.0,5,4,125.0
1952-05,4.0,4.0,-0.5,0.75,0.25,0.5,0.75,6.0,0.5,0.75,0.25,0.0,8,5,160.0
1952-06,9.0,9.0,0.1111111111111111,0.4444444444444444,0.5555555555555556,0.8888888888888888,0.6666666666666666,12.0,0.0,0.7777777777777778,0.0,0.2222222222222222,10,4,250.0
1952-07,2.0,2.0,1.0,0.0,1.0,0.0,0.5,4.5,0.5,0.0,1.0,0.0,3,4,75.0
1952-08,11.0,11.0,0.45454545454545453,0.2727272727272727,0.7272727272727273,0.5454545454545454,0.18181818181818182,12.0,0.2727272727272727,0.36363636363636365,0.0,0.5454545454545454,23,6,383.3333333333333
1952-09,3.0,3.0,0.3333333333333333,0.3333333333333333,0.6666666666666666,0.6666666666666667,0.3333333333333333,12.0,1.0,1.0,0.0,0.0,3,2,150.0
1952-10,6.0,6.0,0.0,0.5,0.5,1.0,0.3333333333333333,12.0,0.8333333333333334,0.6666666666666666,0.0,0.0,9,6,150.0
1952-11,33.0,31.0,0.41935483870967744,0.2903225806451613,0.7096774193548387,0.5806451612903225,0.48484848484848486,9.294117647058824,0.3333333333333333,0.5454545454545454,0.06060606060606061,0.3939393939393939,44,9,488.8888888888889
1952-12,23.0,22.0,0.7272727272727273,0.13636363636363635,0.8636363636363636,0.2727272727272727,0.43478260869565216,12.0,0.5652173913043478,0.782608695652174,0.043478260869565216,0.17391304347826086,35,14,250.0
1953-01,68.0,64.0,0.15625,0.421875,0.578125,0.84375,0.36764705882352944,11.181818181818182,0.6470588235294118,0.9411764705882353,0.014705882352941176,0.04411764705882353,76,14,542.8571428571429
1953-02,7.0,6.0,0.6666666666666666,0.16666666666666666,0.8333333333333334,0.33333333333333337,0.2857142857142857,12.0,0.14285714285714285,0.14285714285714285,0.14285714285714285,0.7142857142857143,13,7,185.71428571428572
1953-03,4.0,4.0,0.0,0.5,0.5,1.0,0.5,12.0,0.5,0.5,0.25,0.25,4,3,133.33333333333334
1953-04,12.0,12.0,0.0,0.5,0.5,1.0,0.5833333333333334,12.0,0.4166666666666667,0.5,0.16666666666666666,0.3333333333333333,18,9,200.0
1953-05,13.0,12.0,0.16666666666666666,0.4166666666666667,0.5833333333333334,0.8333333333333334,0.38461538461538464,12.0,0.38461538461538464,0.6923076923076923,0.15384615384615385,0.07692307692307693,19,13,146.15384615384616
1953-06,4.0,3.0,-0.3333333333333333,0.6666666666666666,0.3333333333333333,0.6666666666666667,0.5,12.0,0.0,0.25,0.0,0.75,15,9,166.66666666666666
1953-07,6.0,5.0,0.6,0.2,0.8,0.4,0.5,6.0,0.3333333333333333,0.16666666666666666,0.16666666666666666,0.6666666666666666,10,10,100.0
1953-08,11.0,11.0,0.6363636363636364,0.18181818181818182,0.8181818181818182,0.36363636363636365,0.5454545454545454,11.0,0.36363636363636365,0.45454545454545453,0.2727272727272727,0.18181818181818182,16,11,145.45454545454547
1953-09,24.0,22.0,0.6363636363636364,0.18181818181818182,0.8181818181818182,0.36363636363636365,0.375,9.6,0.4583333333333333,0.4583333333333333,0.041666666666666664,0.5,34,12,283.3333333333333
1953-10,21.0,20.0,0.1,0.45,0.55,0.9,0.42857142857142855,10.5,0.2857142857142857,0.38095238095238093,0.14285714285714285,0.42857142857142855,24,12,200.0
1953-11,3.0,3.0,0.3333333333333333,0.3333333333333333,0.6666666666666666,0.6666666666666667,0.0,,0.3333333333333333,0.3333333333333333,0.0,0.6666666666666666,16,9,177.77777777777777
1953-12,35.0,33.0,0.3939393939393939,0.30303030303030304,0.696969696969697,0.6060606060606061,0.22857142857142856,12.0,0.6571428571428571,0.7428571428571429,0.17142857142857143,0.08571428571428572,52,15,346.6666666666667
1954-01,21.0,21.0,0.23809523809523808,0.38095238095238093,0.6190476190476191,0.7619047619047619,0.47619047619047616,7.285714285714286,0.47619047619047616,0.5238095238095238,0.047619047619047616,0.42857142857142855,47,14,335.7142857142857
1954-02,16.0,13.0,0.23076923076923078,0.38461538461538464,0.6153846153846154,0.7692307692307692,0.375,10.5,0.5,0.3125,0.25,0.4375,35,16,218.75
1954-03,18.0,17.0,0.5294117647058824,0.23529411764705882,0.7647058823529411,0.47058823529411764,0.4444444444444444,10.0,0.3888888888888889,0.6111111111111112,0.16666666666666666,0.2222222222222222,32,13,246.15384615384616
1954-04,12.0,11.0,0.09090909090909091,0.45454545454545453,0.5454545454545454,0.9090909090909091,0.3333333333333333,7.5,0.8333333333333334,0.4166666666666667,0.4166666666666667,0.16666666666666666,19,13,146.15384615384616
1954-05,14.0,14.0,0.7142857142857143,0.14285714285714285,0.8571428571428571,0.2857142857142857,0.5,10.5,0.35714285714285715,0.35714285714285715,0.21428571428571427,0.42857142857142855,25,15,166.66666666666666
1954-06,6.0,6.0,0.3333333333333333,0.3333333333333333,0.6666666666666666,0.6666666666666667,0.0,9.0,0.16666666666666666,0.16666666666666666,0.16666666666666666,0.6666666666666666,9,16,56.25
1954-07,16.0,16.0,0.5,0.25,0.75,0.5,0.625,8.0,0.4375,0.375,0.1875,0.4375,21,14,150.0
1954-08,6.0,5.0,1.0,0.0,1.0,0.0,0.3333333333333333,6.0,0.3333333333333333,0.16666666666666666,0.3333333333333333,0.5,12,10,120.0
1954-09,8.0,8.0,0.5,0.25,0.75,0.5,0.75,12.0,0.25,0.625,0.0,0.375,12,9,133.33333333333334
1954-10,22.0,20.0,0.7,0.15,0.85,0.30000000000000004,0.45454545454545453,11.4,0.36363636363636365,0.9545454545454546,0.0,0.045454545454545456,35,13,269.2307692307692
1954-11,22.0,22.0,0.7272727272727273,0.13636363636363635,0.8636363636363636,0.2727272727272727,0.4090909090909091,10.2,0.2727272727272727,0.5909090909090909,0.09090909090909091,0.3181818181818182,38,16,237.5
1954-12,32.0,29.0,0.7931034482758621,0.10344827586206896,0.896551724137931,0.2068965517241379,0.4375,12.0,0.65625,0.625,0.09375,0.25,34,13,261.53846153846155
1955-01,11.0,10.0,0.6,0.2,0.8,0.4,0.36363636363636365,12.0,0.9090909090909091,0.7272727272727273,0.18181818181818182,0.09090909090909091,30,12,250.0
1955-02,15.0,15.0,0.3333333333333333,0.3333333333333333,0.6666666666666666,0.6666666666666667,0.6,11.333333333333334,0.2,0.13333333333333333,0.13333333333333333,0.7333333333333333,22,13,169.23076923076923
1955-03,8.0,8.0,0.25,0.375,0.625,0.75,0.375,12.0,0.625,0.375,0.375,0.25,13,13,100.0
1955-04,5.0,5.0,0.6,0.2,0.8,0.4,0.4,,0.4,0.8,0.0,0.0,12,10,120.0
1955-05,8.0,8.0,0.5,0.25,0.75,0.5,0.375,12.0,0.625,0.375,0.375,0.25,16,11,145.45454545454547
1955-06,8.0,8.0,0.5,0.25,0.75,0.5,0.5,9.0,0.5,0.5,0.0,0.5,22,8,275.0
1955-07,8.0,8.0,0.75,0.125,0.875,0.25,0.0,8.0,0.875,0.375,0.25,0.375,14,9,155.55555555555554
1955-08,3.0,3.0,1.0,0.0,1.0,0.0,0.3333333333333333,12.0,0.6666666666666666,0.3333333333333333,0.3333333333333333,0.3333333333333333,7,6,116.66666666666667
1955-09,9.0,7.0,0.14285714285714285,0.42857142857142855,0.5714285714285714,0.8571428571428572,0.4444444444444444,8.333333333333334,0.3333333333333333,0.7777777777777778,0.0,0.2222222222222222,16,11,145.45454545454547
1955-11,8.0,8.0,1.0,0.0,1.0,0.0,0.375,11.0,0.25,0.5,0.0,0.5,10,5,200.0
1955-12,9.0,9.0,0.3333333333333333,0.3333333333333333,0.6666666666666666,0.6666666666666667,0.3333333333333333,10.8,0.3333333333333333,0.2222222222222222,0.1111111111111111,0.6666666666666666,18,9,200.0
1956-01,22.0,22.0,0.09090909090909091,0.45454545454545453,0.5454545454545454,0.9090909090909091,0.22727272727272727,11.6,0.6363636363636364,0.6363636363636364,0.09090909090909091,0.2727272727272727,39,12,325.0
1956-02,10.0,9.0,0.3333333333333333,0.3333333333333333,0.6666666666666666,0.6666666666666667,0.4,12.0,0.3,0.3,0.1,0.6,21,7,300.0
1956-03,10.0,10.0,0.2,0.4,0.6,0.8,0.4,12.0,0.7,0.5,0.2,0.2,11,7,157.14285714285714
1956-04,11.0,9.0,0.7777777777777778,0.1111111111111111,0.8888888888888888,0.2222222222222222,0.36363636363636365,7.4,0.45454545454545453,0.8181818181818182,0.09090909090909091,0.09090909090909091,19,9,211.11111111111111
1956-05,8.0,8.0,1.0,0.0,1.0,0.0,0.375,9.0,0.375,0.375,0.0,0.625,17,9,188.88888888888889
1956-06,1.0,1.0,1.0,0.0,1.0,0.0,0.0,,0.0,0.0,1.0,0.0,2,7,28.571428571428573
1956-07,36.0,31.0,0.6774193548387096,0.16129032258064516,0.8387096774193549,0.32258064516129037,0.6666666666666666,9.391304347826088,0.25,0.8055555555555556,0.08333333333333333,0.1111111111111111,45,14,321.42857142857144
1956-08,10.0,10.0,0.2,0.4,0.6,0.8,0.8,12.0,0.4,0.4,0.2,0.4,11,7,157.14285714285714
1956-09,4.0,4.0,-0.5,0.75,0.25,0.5,0.25,6.0,1.0,1.0,0.0,0.0,6,1,600.0
1956-10,3.0,3.0,1.0,0.0,1.0,0.0,0.3333333333333333,12.0,1.0,1.0,0.0,0.0,4,3,133.33333333333334
1956-11,11.0,11.0,-0.09090909090909091,0.5454545454545454,0.45454545454545453,0.9090909090909091,0.5454545454545454,9.25,0.36363636363636365,0.5454545454545454,0.09090909090909091,0.36363636363636365,14,9,155.55555555555554
1956-12,18.0,18.0,0.2222222222222222,0.3888888888888889,0.6111111111111112,0.7777777777777778,0.16666666666666666,12.0,0.6666666666666666,0.6666666666666666,0.1111111111111111,0.2222222222222222,26,8,325.0
1957-01,15.0,12.0,0.16666666666666666,0.4166666666666667,0.5833333333333334,0.8333333333333334,0.6,,0.26666666666666666,0.6,0.06666666666666667,0.3333333333333333,32,15,213.33333333333334
1957-02,3.0,3.0,-0.3333333333333333,0.6666666666666666,0.3333333333333333,0.6666666666666667,0.6666666666666666,12.0,1.0,1.0,0.0,0.0,3,4,75.0
1957-03,2.0,2.0,0.0,0.5,0.5,1.0,0.0,6.0,0.5,0.5,0.0,0.5,11,3,366.6666666666667
1957-04,20.0,17.0,0.29411764705882354,0.35294117647058826,0.6470588235294118,0.7058823529411764,0.35,13.0,0.75,0.65,0.1,0.15,27,8,337.5
1957-05,13.0,13.0,0.38461538461538464,0.3076923076923077,0.6923076923076923,0.6153846153846154,0.3076923076923077,12.0,0.46153846153846156,0.6923076923076923,0.23076923076923078,0.07692307692307693,15,6,250.0
1957-06,12.0,12.0,0.6666666666666666,0.16666666666666666,0.8333333333333334,0.33333333333333337,0.3333333333333333,8.0,0.5833333333333334,0.6666666666666666,0.08333333333333333,0.25,14,8,175.0
1957-07,7.0,6.0,0.3333333333333333,0.3333333333333333,0.6666666666666666,0.6666666666666667,0.14285714285714285,12.0,0.14285714285714285,0.14285714285714285,0.0,0.8571428571428571,11,4,275.0
1957-08,14.0,14.0,0.5714285714285714,0.21428571428571427,0.7857142857142857,0.4285714285714286,0.42857142857142855,7.5,0.35714285714285715,0.7857142857142857,0.07142857142857142,0.14285714285714285,19,6,316.6666666666667
1957-09,2.0,2.0,-1.0,1.0,0.0,0.0,0.0,,0.5,0.0,1.0,0.0,2,4,50.0
1957-10,23.0,22.0,0.2727272727272727,0.36363636363636365,0.6363636363636364,0.7272727272727273,0.5652173913043478,9.0,0.30434782608695654,0.5217391304347826,0.21739130434782608,0.2608695652173913,27,13,207.69230769230768
1957-11,15.0,13.0,0.23076923076923078,0.38461538461538464,0.6153846153846154,0.7692307692307692,0.3333333333333333,11.4,0.6666666666666666,0.4,0.4,0.13333333333333333,23,7,328.57142857142856
1957-12,22.0,21.0,0.42857142857142855,0.2857142857142857,0.7142857142857143,0.5714285714285714,0.5909090909090909,10.8,0.5,0.7272727272727273,0.045454545454545456,0.18181818181818182,33,9,366.6666666666667
1958-01,21.0,21.0,0.42857142857142855,0.2857142857142857,0.7142857142857143,0.5714285714285714,0.6190476190476191,8.4,0.5714285714285714,0.47619047619047616,0.23809523809523808,0.23809523809523808,41,18,227.77777777777777
1958-02,8.0,8.0,0.25,0.375,0.625,0.75,0.625,10.5,0.375,0.25,0.125,0.625,13,8,162.5
1958-03,19.0,19.0,0.2631578947368421,0.3684210526315789,0.631578947368421,0.736842105263158,0.3157894736842105,9.571428571428571,0.7368421052631579,0.47368421052631576,0.42105263157894735,0.10526315789473684,25,13,192.30769230769232
1958-04,6.0,6.0,0.6666666666666666,0.16666666666666666,0.8333333333333334,0.33333333333333337,1.0,7.5,0.16666666666666666,0.16666666666666666,0.0,0.6666666666666666,11,8,137.5
1958-05,14.0,14.0,0.5714285714285714,0.21428571428571427,0.7857142857142857,0.4285714285714286,0.5,6.0,0.7142857142857143,0.2857142857142857,0.5,0.14285714285714285,19,12,158.33333333333334
1958-06,17.0,17.0,0.4117647058823529,0.29411764705882354,0.7058823529411765,0.5882352941176471,0.17647058823529413,11.0,0.8823529411764706,0.17647058823529413,0.7058823529411765,0.11764705882352941,30,12,250.0
1958-07,5.0,5.0,-0.6,0.8,0.2,0.4,0.4,9.0,0.0,0.0,0.0,1.0,8,6,133.33333333333334
1958-08,5.0,5.0,-0.2,0.6,0.4,0.8,0.6,12.0,0.2,0.2,0.2,0.0,10,8,125.0
1958-09,16.0,16.0,0.5,0.25,0.75,0.5,0.625,7.0,0.4375,1.0,0.0,0.0,22,8,275.0
1958-10,13.0,13.0,0.8461538461538461,0.07692307692307693,0.9230769230769231,0.15384615384615385,0.38461538461538464,10.285714285714286,0.6153846153846154,0.5384615384615384,0.46153846153846156,0.0,27,15,180.0
1958-11,3.0,3.0,-0.3333333333333333,0.6666666666666666,0.3333333333333333,0.6666666666666667,0.0,9.0,0.6666666666666666,0.0,0.6666666666666666,0.3333333333333333,4,9,44.44444444444444
1958-12,17.0,17.0,0.6470588235294118,0.17647058823529413,0.8235294117647058,0.3529411764705882,0.35294117647058826,10.285714285714286,0.8823529411764706,0.8823529411764706,0.058823529411764705,0.058823529411764705,30,11,272.72727272727275
1959-01,29.0,27.0,0.18518518518518517,0.4074074074074074,0.5925925925925926,0.8148148148148149,0.1724137931034483,10.466666666666667,0.3793103448275862,0.5862068965517241,0.0,0.41379310344827586,41,13,315.38461538461536
1959-02,4.0,4.0,0.5,0.25,0.75,0.5,0.25,12.0,0.5,0.75,0.0,0.25,9,7,128.57142857142858
1959-03,2.0,2.0,0.0,0.5,0.5,1.0,0.0,,0.5,0.5,0.5,0.0,3,5,60.0
1959-04,1.0,1.0,1.0,0.0,1.0,0.0,1.0,,0.0,0.0,0.0,1.0,5,4,125.0
1959-05,12.0,12.0,0.5,0.25,0.75,0.5,0.4166666666666667,9.5,0.3333333333333333,0.5833333333333334,0.16666666666666666,0.25,13,6,216.66666666666666
1959-06,12.0,12.0,-0.16666666666666666,0.5833333333333334,0.4166666666666667,0.8333333333333334,0.3333333333333333,9.0,0.75,0.3333333333333333,0.08333333333333333,0.5833333333333334,16,10,160.0
1959-07,6.0,6.0,0.3333333333333333,0.3333333333333333,0.6666666666666666,0.6666666666666667,0.8333333333333334,9.0,0.3333333333333333,0.6666666666666666,0.16666666666666666,0.16666666666666666,11,7,157.14285714285714
1959-08,2.0,2.0,1.0,0.0,1.0,0.0,0.5,6.0,1.0,1.0,0.0,0.0,6,7,85.71428571428571
1959-09,3.0,3.0,1.0,0.0,1.0,0.0,0.0,,0.0,1.0,0.0,0.0,10,6,166.66666666666666
1959-10,2.0,2.0,1.0,0.0,1.0,0.0,0.0,12.0,1.0,0.0,1.0,0.0,9,6,150.0
1959-11,3.0,3.0,0.3333333333333333,0.3333333333333333,0.6666666666666666,0.6666666666666667,0.3333333333333333,12.0,0.6666666666666666,0.6666666666666666,0.0,0.0,4,4,100.0
1959-12,16.0,16.0,0.0,0.5,0.5,1.0,0.1875,12.0,0.5625,0.5625,0.0,0.1875,22,7,314.2857142857143
1960-01,19.0,19.0,0.15789473684210525,0.42105263157894735,0.5789473684210527,0.8421052631578947,0.3157894736842105,10.5,0.8421052631578947,0.8947368421052632,0.0,0.10526315789473684,34,10,340.0
1960-02,9.0,9.0,0.5555555555555556,0.2222222222222222,0.7777777777777778,0.4444444444444444,0.2222222222222222,10.5,0.3333333333333333,0.7777777777777778,0.2222222222222222,0.0,13,6,216.66666666666666
1960-03,11.0,11.0,0.6363636363636364,0.18181818181818182,0.8181818181818182,0.36363636363636365,0.45454545454545453,10.0,0.5454545454545454,0.18181818181818182,0.7272727272727273,0.0,13,9,144.44444444444446
1960-04,18.0,18.0,0.7777777777777778,0.1111111111111111,0.8888888888888888,0.2222222222222222,0.6666666666666666,8.0,0.8888888888888888,0.8888888888888888,0.05555555555555555,0.05555555555555555,23,9,255.55555555555554
1960-05,13.0,13.0,0.5384615384615384,0.23076923076923078,0.7692307692307693,0.46153846153846156,0.5384615384615384,12.0,0.5384615384615384,0.8461538461538461,0.15384615384615385,0.0,15,6,250.0
1960-06,7.0,6.0,1.0,0.0,1.0,0.0,0.42857142857142855,6.0,0.7142857142857143,0.2857142857142857,0.42857142857142855,0.0,19,8,237.5
1960-07,5.0,5.0,-0.2,0.6,0.4,0.8,0.8,8.0,0.2,0.2,0.0,0.6,8,10,80.0
1960-08,5.0,4.0,0.0,0.5,0.5,1.0,0.4,,0.4,0.2,0.8,0.0,9,8,112.5
1960-09,15.0,14.0,0.8571428571428571,0.07142857142857142,0.9285714285714286,0.1428571428571429,0.3333333333333333,12.0,0.6666666666666666,0.6,0.26666666666666666,0.13333333333333333,23,12,191.66666666666666
1960-10,16.0,15.0,-0.2,0.6,0.4,0.8,0.375,12.0,0.75,0.375,0.375,0.25,20,8,250.0
1960-11,14.0,14.0,0.42857142857142855,0.2857142857142857,0.7142857142857143,0.5714285714285714,0.35714285714285715,10.5,0.42857142857142855,0.5,0.07142857142857142,0.35714285714285715,26,10,260.0
1960-12,28.0,23.0,-0.043478260869565216,0.5217391304347826,0.4782608695652174,0.9565217391304348,0.39285714285714285,10.75,0.6785714285714286,0.8214285714285714,0.07142857142857142,0.10714285714285714,32,13,246.15384615384616
1961-01,30.0,29.0,0.4482758620689655,0.27586206896551724,0.7241379310344828,0.5517241379310345,0.36666666666666664,9.6,0.6333333333333333,0.7,0.1,0.1,49,15,326.6666666666667
1961-02,20.0,20.0,0.1,0.45,0.55,0.9,0.5,11.6,0.6,0.15,0.5,0.35,24,14,171.42857142857142
1961-03,15.0,14.0,0.8571428571428571,0.07142857142857142,0.9285714285714286,0.1428571428571429,0.3333333333333333,12.0,0.5333333333333333,0.4666666666666667,0.2,0.3333333333333333,19,9,211.11111111111111
1961-04,13.0,12.0,1.0,0.0,1.0,0.0,0.5384615384615384,9.0,0.38461538461538464,0.46153846153846156,0.0,0.5384615384615384,18,9,200.0
1961-05,7.0,7.0,1.0,0.0,1.0,0.0,0.8571428571428571,12.0,0.42857142857142855,0.14285714285714285,0.2857142857142857,0.5714285714285714,8,5,160.0
1961-06,14.0,14.0,0.8571428571428571,0.07142857142857142,0.9285714285714286,0.1428571428571429,0.35714285714285715,7.5,0.7857142857142857,0.7857142857142857,0.14285714285714285,0.07142857142857142,24,11,218.1818181818182
1961-07,5.0,5.0,-1.0,1.0,0.0,0.0,0.4,9.0,0.4,0.2,0.6,0.2,7,8,87.5
1961-08,3.0,3.0,0.3333333333333333,0.3333333333333333,0.6666666666666666,0.6666666666666667,0.0,12.0,1.0,0.3333333333333333,0.6666666666666666,0.0,12,6,200.0
1961-09,7.0,7.0,0.7142857142857143,0.14285714285714285,0.8571428571428571,0.2857142857142857,0.14285714285714285,12.0,0.7142857142857143,1.0,0.0,0.0,10,7,142.85714285714286
1961-10,5.0,5.0,0.2,0.4,0.6,0.8,0.8,12.0,0.6,0.8,0.0,0.0,5,5,100.0
1961-11,3.0,3.0,1.0,0.0,1.0,0.0,0.0,6.0,1.0,1.0,0.0,0.0,18,7,257.14285714285717
1961-12,3.0,3.0,1.0,0.0,1.0,0.0,0.3333333333333333,12.0,0.6666666666666666,0.6666666666666666,0.0,0.3333333333333333,7,5,140.0
1962-01,10.0,9.0,0.1111111111111111,0.4444444444444444,0.5555555555555556,0.8888888888888888,0.4,12.0,0.3,0.8,0.1,0.1,35,12,291.6666666666667
1962-02,12.0,10.0,0.4,0.3,0.7,0.6,0.3333333333333333,10.0,0.75,0.5833333333333334,0.16666666666666666,0.25,20,7,285.7142857142857
1962-03,1.0,1.0,1.0,0.0,1.0,0.0,1.0,,0.0,1.0,0.0,0.0,1,4,25.0
1962-04,7.0,7.0,0.42857142857142855,0.2857142857142857,0.7142857142857143,0.5714285714285714,0.7142857142857143,,0.42857142857142855,0.5714285714285714,0.0,0.42857142857142855,8,7,114.28571428571429
1962-05,12.0,12.0,0.5,0.25,0.75,0.5,0.3333333333333333,9.0,0.6666666666666666,0.3333333333333333,0.4166666666666667,0.16666666666666666,14,7,200.0
1962-06,19.0,19.0,-0.05263157894736842,0.5263157894736842,0.47368421052631576,0.9473684210526316,0.7368421052631579,11.142857142857142,0.5789473684210527,0.631578947368421,0.05263157894736842,0.3157894736842105,25,13,192.30769230769232
1962-08,18.0,16.0,0.0,0.5,0.5,1.0,0.5555555555555556,10.8,0.7222222222222222,0.7222222222222222,0.0,0.2777777777777778,22,8,275.0
1962-10,7.0,7.0,0.7142857142857143,0.14285714285714285,0.8571428571428571,0.2857142857142857,0.2857142857142857,,0.14285714285714285,0.14285714285714285,0.0,0.8571428571428571,7,3,233.33333333333334
1962-11,25.0,25.0,-0.12,0.56,0.44,0.88,0.36,12.0,0.28,0.32,0.04,0.64,27,8,337.5
1962-12,38.0,34.0,0.0,0.5,0.5,1.0,0.3157894736842105,11.75,0.7894736842105263,0.8421052631578947,0.05263157894736842,0.0,54,13,415.38461538461536
1963-01,13.0,12.0,0.5,0.25,0.75,0.5,0.3076923076923077,,0.6153846153846154,0.0,0.6153846153846154,0.38461538461538464,26,10,260.0
1963-02,4.0,4.0,1.0,0.0,1.0,0.0,0.5,,1.0,1.0,0.0,0.0,4,3,133.33333333333334
1963-03,28.0,25.0,0.44,0.28,0.72,0.56,0.4642857142857143,10.5,0.42857142857142855,0.42857142857142855,0.07142857142857142,0.39285714285714285,30,12,250.0
1963-04,4.0,4.0,0.0,0.5,0.5,1.0,0.5,,0.25,0.5,0.0,0.5,8,6,133.33333333333334
1963-05,8.0,6.0,1.0,0.0,1.0,0.0,0.375,12.0,0.875,0.875,0.0,0.125,10,6,166.66666666666666
1963-06,2.0,2.0,-1.0,1.0,0.0,0.0,0.0,,0.0,0.0,0.0,1.0,6,4,150.0
1963-07,6.0,6.0,0.6666666666666666,0.16666666666666666,0.8333333333333334,0.33333333333333337,0.8333333333333334,8.0,0.8333333333333334,0.8333333333333334,0.0,0.16666666666666666,11,5,220.0
1963-08,3.0,3.0,-0.3333333333333333,0.6666666666666666,0.3333333333333333,0.6666666666666667,0.0,,0.3333333333333333,0.6666666666666666,0.0,0.3333333333333333,7,8,87.5
1963-09,8.0,7.0,1.0,0.0,1.0,0.0,0.0,10.0,0.875,0.625,0.375,0.0,16,10,160.0
1963-10,6.0,6.0,0.6666666666666666,0.16666666666666666,0.8333333333333334,0.33333333333333337,0.5,12.0,0.6666666666666666,0.16666666666666666,0.5,0.3333333333333333,16,7,228.57142857142858
1963-11,2.0,2.0,-1.0,1.0,0.0,0.0,0.5,24.0,0.0,0.0,0.0,1.0,4,3,133.33333333333334
1963-12,4.0,4.0,0.5,0.25,0.75,0.5,0.75,7.5,0.25,0.0,1.0,0.0,9,5,180.0
