{
  "name": "oss120b_vgemflash",
  "tp": 27,
  "fp": 2,
  "fn": 25,
  "precision": 0.9310344827586207,
  "recall": 0.5192307692307693,
  "f1": 0.6666666666666666
}