{
  "name": "gem35flash_1chunk",
  "tp": 34,
  "fp": 0,
  "fn": 18,
  "precision": 1.0,
  "recall": 0.6538461538461539,
  "f1": 0.7906976744186047
}