{
  "name": "oss120b_voss",
  "tp": 34,
  "fp": 21,
  "fn": 18,
  "precision": 0.6181818181818182,
  "recall": 0.6538461538461539,
  "f1": 0.6355140186915889
}