{
  "name": "v3",
  "tp": 25,
  "fp": 1,
  "fn": 27,
  "precision": 0.9615384615384616,
  "recall": 0.4807692307692308,
  "f1": 0.6410256410256411
}