{
  "name": "qwen3next80b",
  "tp": 30,
  "fp": 84,
  "fn": 22,
  "precision": 0.2631578947368421,
  "recall": 0.5769230769230769,
  "f1": 0.3614457831325302
}