{
  "name": "gptoss120b",
  "tp": 37,
  "fp": 32,
  "fn": 15,
  "precision": 0.5362318840579711,
  "recall": 0.7115384615384616,
  "f1": 0.6115702479338844
}