{
  "name": "qwen3_235b",
  "tp": 16,
  "fp": 7,
  "fn": 36,
  "precision": 0.6956521739130435,
  "recall": 0.3076923076923077,
  "f1": 0.42666666666666664
}