{
  "name": "oss20b",
  "tp": 8,
  "fp": 6,
  "fn": 44,
  "precision": 0.5714285714285714,
  "recall": 0.15384615384615385,
  "f1": 0.24242424242424246
}