{
  "name": "oss120b_low",
  "tp": 24,
  "fp": 15,
  "fn": 28,
  "precision": 0.6153846153846154,
  "recall": 0.46153846153846156,
  "f1": 0.5274725274725274
}