{
  "name": "llama70b",
  "tp": 35,
  "fp": 47,
  "fn": 17,
  "precision": 0.4268292682926829,
  "recall": 0.6730769230769231,
  "f1": 0.5223880597014926
}