{
  "name": "oss120blow_voss",
  "tp": 23,
  "fp": 9,
  "fn": 29,
  "precision": 0.71875,
  "recall": 0.4423076923076923,
  "f1": 0.5476190476190477
}