{
  "name": "gemini35flash",
  "tp": 38,
  "fp": 7,
  "fn": 14,
  "precision": 0.8444444444444444,
  "recall": 0.7307692307692307,
  "f1": 0.7835051546391751
}