{
  "name": "gemlite1chunk",
  "tp": 20,
  "fp": 11,
  "fn": 32,
  "precision": 0.6451612903225806,
  "recall": 0.38461538461538464,
  "f1": 0.4819277108433735
}