{
  "name": "oss120b_vgemlite",
  "tp": 31,
  "fp": 10,
  "fn": 21,
  "precision": 0.7560975609756098,
  "recall": 0.5961538461538461,
  "f1": 0.6666666666666667
}