{
  "name": "mistral24b",
  "tp": 34,
  "fp": 88,
  "fn": 18,
  "precision": 0.2786885245901639,
  "recall": 0.6538461538461539,
  "f1": 0.3908045977011494
}