{
  "name": "gemini35fl",
  "tp": 17,
  "fp": 2,
  "fn": 35,
  "precision": 0.8947368421052632,
  "recall": 0.3269230769230769,
  "f1": 0.4788732394366197
}