{
  "name": "gemflash BATCH",
  "tp": 34,
  "fp": 1,
  "fn": 18,
  "precision": 0.9714285714285714,
  "recall": 0.6538461538461539,
  "f1": 0.7816091954022988
}