{
  "name": "deepseekv3",
  "tp": 27,
  "fp": 22,
  "fn": 25,
  "precision": 0.5510204081632653,
  "recall": 0.5192307692307693,
  "f1": 0.5346534653465348
}