{
  "name": "llama8b",
  "tp": 24,
  "fp": 175,
  "fn": 28,
  "precision": 0.12060301507537688,
  "recall": 0.46153846153846156,
  "f1": 0.19123505976095617
}