{
  "name": "regex",
  "tp": 14,
  "fp": 9,
  "fn": 38,
  "precision": 0.6086956521739131,
  "recall": 0.2692307692307692,
  "f1": 0.37333333333333335
}