month,n_claims,n_directional,net_direction,share_worsen,share_improve,disagreement,hedge_rate,mean_horizon,share_named,share_expert,share_official,share_journalist,n_all_claims,n_pages,attention,m,rec,year,block,att_dm
1900-01,11.0,11.0,0.2727272727272727,0.3636363636363636,0.6363636363636364,0.7272727272727273,0.3636363636363636,7.0,0.2727272727272727,0.1818181818181818,0.0909090909090909,0.7272727272727273,41,30,136.66666666666666,1900-01,False,1900,1899,-42.77352064708384
1900-02,17.0,17.0,0.2941176470588235,0.3529411764705882,0.6470588235294118,0.7058823529411764,0.5294117647058824,6.0,0.2941176470588235,0.4117647058823529,0.0588235294117647,0.4705882352941176,47,29,162.06896551724137,1900-02,False,1900,1899,-17.371221796509133
1900-03,28.0,27.0,0.7777777777777778,0.1111111111111111,0.8888888888888888,0.2222222222222222,0.4285714285714285,6.0,0.3571428571428571,0.5,0.0714285714285714,0.4285714285714285,59,30,196.66666666666663,1900-03,False,1900,1899,17.22647935291613
1900-04,15.0,15.0,0.7333333333333333,0.1333333333333333,0.8666666666666667,0.2666666666666667,0.4666666666666667,12.0,0.4666666666666667,0.5333333333333333,0.0666666666666666,0.4,44,30,146.66666666666666,1900-04,False,1900,1899,-32.77352064708384
1900-05,31.0,29.0,0.4482758620689655,0.2758620689655172,0.7241379310344828,0.5517241379310345,0.2903225806451613,6.0,0.3548387096774194,0.4838709677419355,0.0,0.5161290322580645,57,29,196.55172413793105,1900-05,False,1900,1899,17.111536824180547
1900-06,26.0,26.0,0.2307692307692307,0.3846153846153846,0.6153846153846154,0.7692307692307692,0.3846153846153846,6.0,0.4615384615384615,0.4615384615384615,0.0769230769230769,0.4615384615384615,56,30,186.66666666666663,1900-06,False,1900,1899,7.2264793529161295
1900-07,11.0,11.0,0.0909090909090909,0.4545454545454545,0.5454545454545454,0.9090909090909092,0.1818181818181818,8.0,0.1818181818181818,0.4545454545454545,0.0,0.5454545454545454,52,30,173.33333333333334,1900-07,False,1900,1899,-6.106853980417156
1900-08,28.0,28.0,0.5714285714285714,0.2142857142857142,0.7857142857142857,0.4285714285714286,0.3214285714285714,12.0,0.25,0.2857142857142857,0.0,0.6428571428571429,59,29,203.44827586206895,1900-08,False,1900,1899,24.008088548318455
1900-09,24.0,22.0,0.0,0.5,0.5,1.0,0.5,12.0,0.2916666666666667,0.25,0.0416666666666666,0.7083333333333334,79,29,272.41379310344826,1900-09,False,1900,1899,92.97360578969776
1900-10,25.0,25.0,-0.04,0.52,0.48,0.96,0.32,9.0,0.36,0.2,0.24,0.56,35,29,120.6896551724138,1900-10,False,1900,1899,-58.750532141336706
1900-11,29.0,29.0,-0.5862068965517241,0.7931034482758621,0.2068965517241379,0.4137931034482759,0.1724137931034483,,0.3793103448275862,0.4137931034482758,0.0689655172413793,0.4482758620689655,44,30,146.66666666666666,1900-11,False,1900,1899,-32.77352064708384
1900-12,20.0,19.0,0.7894736842105263,0.1052631578947368,0.8947368421052632,0.2105263157894736,0.35,7.75,0.3,0.45,0.1,0.45,42,30,140.0,1900-12,False,1900,1899,-39.4401873137505
1901-01,18.0,18.0,0.6666666666666666,0.1666666666666666,0.8333333333333334,0.3333333333333333,0.3888888888888889,10.5,0.1111111111111111,0.2222222222222222,0.0,0.7777777777777778,49,27,181.4814814814815,1901-01,False,1901,1899,2.041294167730996
1901-02,23.0,23.0,-0.0434782608695652,0.5217391304347826,0.4782608695652174,0.9565217391304348,0.4347826086956521,12.0,0.3478260869565217,0.391304347826087,0.0434782608695652,0.5217391304347826,55,27,203.7037037037037,1901-02,False,1901,1899,24.263516389953196
1901-03,40.0,39.0,0.6923076923076923,0.1538461538461538,0.8461538461538461,0.3076923076923077,0.45,9.0,0.325,0.325,0.0,0.675,71,29,244.82758620689657,1901-03,False,1901,1899,65.38739889314607
1901-04,18.0,17.0,0.5294117647058824,0.2352941176470588,0.7647058823529411,0.4705882352941176,0.3888888888888889,12.0,0.2777777777777778,0.3888888888888889,0.0555555555555555,0.5,47,30,156.66666666666666,1901-04,False,1901,1899,-22.773520647083842
1901-05,24.0,23.0,0.0434782608695652,0.4782608695652174,0.5217391304347826,0.9565217391304348,0.5,4.5,0.2916666666666667,0.2083333333333333,0.1666666666666666,0.625,48,30,160.0,1901-05,False,1901,1899,-19.4401873137505
1901-06,30.0,29.0,0.5862068965517241,0.2068965517241379,0.7931034482758621,0.4137931034482759,0.4666666666666667,8.4,0.2,0.2,0.2333333333333333,0.3666666666666666,66,30,220.0,1901-06,False,1901,1899,40.5598126862495
1901-07,21.0,21.0,0.0476190476190476,0.4761904761904761,0.5238095238095238,0.9523809523809524,0.3809523809523809,12.0,0.3333333333333333,0.2857142857142857,0.0952380952380952,0.6190476190476191,57,30,190.0,1901-07,False,1901,1899,10.5598126862495
1901-08,16.0,16.0,0.0,0.5,0.5,1.0,0.5,12.0,0.0625,0.0625,0.0,0.9375,47,29,162.06896551724137,1901-08,False,1901,1899,-17.371221796509133
1901-09,27.0,26.0,0.2307692307692307,0.3846153846153846,0.6153846153846154,0.7692307692307692,0.4814814814814814,12.0,0.3703703703703703,0.4074074074074074,0.074074074074074,0.4444444444444444,39,30,130.0,1901-09,False,1901,1899,-49.4401873137505
1901-10,24.0,24.0,0.4166666666666667,0.2916666666666667,0.7083333333333334,0.5833333333333333,0.5,6.0,0.2916666666666667,0.3333333333333333,0.0,0.6666666666666666,50,29,172.41379310344828,1901-10,False,1901,1899,-7.026394210302215
1901-11,27.0,24.0,0.5,0.25,0.75,0.5,0.4814814814814814,10.0,0.4444444444444444,0.5185185185185185,0.0,0.4814814814814814,59,30,196.66666666666663,1901-11,False,1901,1899,17.22647935291613
1901-12,25.0,23.0,0.4782608695652174,0.2608695652173913,0.7391304347826086,0.5217391304347826,0.48,7.5,0.08,0.28,0.0,0.68,60,29,206.8965517241379,1901-12,False,1901,1899,27.45636441038741
1902-01,30.0,30.0,0.4,0.3,0.7,0.6,0.3666666666666666,10.166666666666666,0.2,0.3,0.1333333333333333,0.5666666666666667,76,30,253.33333333333337,1902-01,False,1902,1902,68.59372782744435
1902-02,12.0,11.0,0.4545454545454545,0.2727272727272727,0.7272727272727273,0.5454545454545454,0.5,12.0,0.3333333333333333,0.5833333333333334,0.0833333333333333,0.25,46,30,153.33333333333334,1902-02,False,1902,1902,-31.406272172555674
1902-03,10.0,10.0,0.6,0.2,0.8,0.4,0.1,,0.5,0.8,0.1,0.1,35,27,129.62962962962962,1902-03,False,1902,1902,-55.1099758762594
1902-04,20.0,20.0,0.9,0.05,0.95,0.0999999999999999,0.3,12.0,0.05,0.05,0.0,0.95,54,30,180.0,1902-04,False,1902,1902,-4.739605505889017
1902-05,21.0,21.0,0.0476190476190476,0.4761904761904761,0.5238095238095238,0.9523809523809524,0.4285714285714285,6.0,0.3333333333333333,0.2857142857142857,0.0952380952380952,0.4761904761904761,44,29,151.72413793103448,1902-05,False,1902,1902,-33.01546757485454
1902-06,26.0,26.0,0.6153846153846154,0.1923076923076923,0.8076923076923077,0.3846153846153846,0.3461538461538461,10.5,0.4230769230769231,0.6153846153846154,0.0384615384615384,0.3461538461538461,63,29,217.24137931034485,1902-06,False,1902,1902,32.50177380445584
1902-07,28.0,28.0,0.5714285714285714,0.2142857142857142,0.7857142857142857,0.4285714285714286,0.2857142857142857,13.5,0.2857142857142857,0.3571428571428571,0.0357142857142857,0.6071428571428571,58,29,200.0,1902-07,False,1902,1902,15.260394494110983
1902-08,14.0,14.0,1.0,0.0,1.0,0.0,0.5714285714285714,12.0,0.7142857142857143,0.7857142857142857,0.0,0.2142857142857142,48,29,165.51724137931035,1902-08,False,1902,1902,-19.222364126578668
1902-09,16.0,15.0,0.6,0.2,0.8,0.4,0.1875,4.5,0.125,0.5,0.0,0.5,39,29,134.48275862068965,1902-09,True,1902,1902,-50.256846885199366
1902-10,20.0,20.0,0.3,0.35,0.65,0.7,0.4,12.0,0.45,0.15,0.25,0.55,51,30,170.0,1902-10,True,1902,1902,-14.739605505889017
1902-11,13.0,12.0,0.5,0.25,0.75,0.5,0.3846153846153846,13.5,0.3076923076923077,0.1538461538461538,0.1538461538461538,0.6923076923076923,36,30,120.0,1902-11,True,1902,1902,-64.73960550588902
1902-12,31.0,30.0,0.2666666666666666,0.3666666666666666,0.6333333333333333,0.7333333333333334,0.4193548387096774,8.714285714285714,0.1935483870967742,0.2903225806451613,0.0,0.7096774193548387,63,30,210.0,1902-12,True,1902,1902,25.260394494110983
1903-01,21.0,21.0,0.7142857142857143,0.1428571428571428,0.8571428571428571,0.2857142857142857,0.238095238095238,12.0,0.3809523809523809,0.3333333333333333,0.1904761904761904,0.4761904761904761,45,30,150.0,1903-01,True,1903,1902,-34.73960550588902
1903-02,34.0,33.0,0.4545454545454545,0.2727272727272727,0.7272727272727273,0.5454545454545454,0.4117647058823529,6.166666666666667,0.1176470588235294,0.088235294117647,0.0,0.9117647058823528,68,30,226.66666666666663,1903-02,True,1903,1902,41.92706116077761
1903-03,16.0,15.0,0.2,0.4,0.6,0.8,0.5,8.0,0.3125,0.375,0.0,0.5625,49,30,163.33333333333334,1903-03,True,1903,1902,-21.406272172555674
1903-04,19.0,18.0,0.6666666666666666,0.1666666666666666,0.8333333333333334,0.3333333333333333,0.4210526315789473,12.0,0.3684210526315789,0.4736842105263157,0.0526315789473684,0.4736842105263157,44,29,151.72413793103448,1903-04,True,1903,1902,-33.01546757485454
1903-05,20.0,18.0,0.6666666666666666,0.1666666666666666,0.8333333333333334,0.3333333333333333,0.5,7.75,0.2,0.35,0.0,0.6,51,30,170.0,1903-05,True,1903,1902,-14.739605505889017
1903-06,22.0,21.0,0.4285714285714285,0.2857142857142857,0.7142857142857143,0.5714285714285714,0.4545454545454545,6.0,0.3181818181818182,0.2727272727272727,0.1363636363636363,0.5909090909090909,49,30,163.33333333333334,1903-06,True,1903,1902,-21.406272172555674
1903-07,44.0,44.0,0.5454545454545454,0.2272727272727272,0.7727272727272727,0.4545454545454546,0.4090909090909091,9.75,0.4545454545454545,0.4772727272727273,0.0227272727272727,0.5,71,30,236.66666666666663,1903-07,True,1903,1902,51.92706116077761
1903-08,32.0,32.0,0.5,0.25,0.75,0.5,0.5,6.0,0.21875,0.25,0.0625,0.65625,74,30,246.66666666666663,1903-08,True,1903,1902,61.92706116077761
1903-09,38.0,37.0,0.7837837837837838,0.1081081081081081,0.8918918918918919,0.2162162162162162,0.131578947368421,6.0,0.4736842105263157,0.5789473684210527,0.0,0.4210526315789473,68,30,226.66666666666663,1903-09,True,1903,1902,41.92706116077761
1903-10,21.0,21.0,-0.0476190476190476,0.5238095238095238,0.4761904761904761,0.9523809523809524,0.4761904761904761,8.0,0.5714285714285714,0.4285714285714285,0.2857142857142857,0.2857142857142857,48,30,160.0,1903-10,True,1903,1902,-24.739605505889017
1903-11,19.0,18.0,0.4444444444444444,0.2777777777777778,0.7222222222222222,0.5555555555555556,0.3684210526315789,8.0,0.631578947368421,0.5789473684210527,0.0526315789473684,0.3684210526315789,64,29,220.68965517241375,1903-11,True,1903,1902,35.950049666524734
1903-12,35.0,33.0,0.696969696969697,0.1515151515151515,0.8484848484848485,0.303030303030303,0.4857142857142857,10.714285714285714,0.3428571428571428,0.4285714285714285,0.0285714285714285,0.5428571428571428,83,30,276.6666666666667,1903-12,True,1903,1902,91.92706116077767
1904-01,35.0,35.0,0.9428571428571428,0.0285714285714285,0.9714285714285714,0.0571428571428571,0.4285714285714285,10.8,0.3428571428571428,0.3428571428571428,0.0285714285714285,0.6285714285714286,71,29,244.82758620689657,1904-01,True,1904,1902,60.08798070100755
1904-02,14.0,14.0,0.1428571428571428,0.4285714285714285,0.5714285714285714,0.8571428571428572,0.5,,0.3571428571428571,0.5,0.0,0.4285714285714285,47,30,156.66666666666666,1904-02,True,1904,1902,-28.07293883922236
1904-03,18.0,17.0,0.8823529411764706,0.0588235294117647,0.9411764705882352,0.1176470588235294,0.3333333333333333,,0.2777777777777778,0.2222222222222222,0.0555555555555555,0.6111111111111112,47,30,156.66666666666666,1904-03,True,1904,1902,-28.07293883922236
1904-04,24.0,24.0,0.6666666666666666,0.1666666666666666,0.8333333333333334,0.3333333333333333,0.5,8.571428571428571,0.2916666666666667,0.2916666666666667,0.0833333333333333,0.5416666666666666,58,30,193.33333333333337,1904-04,True,1904,1902,8.593727827444354
1904-05,18.0,17.0,0.2941176470588235,0.3529411764705882,0.6470588235294118,0.7058823529411764,0.3333333333333333,8.0,0.2777777777777778,0.2222222222222222,0.0,0.6111111111111112,43,30,143.33333333333334,1904-05,True,1904,1902,-41.406272172555674
1904-06,24.0,24.0,0.5833333333333334,0.2083333333333333,0.7916666666666666,0.4166666666666666,0.375,9.0,0.4166666666666667,0.4166666666666667,0.0416666666666666,0.5,50,30,166.66666666666666,1904-06,True,1904,1902,-18.07293883922236
1904-07,49.0,49.0,0.3877551020408163,0.3061224489795918,0.6938775510204082,0.6122448979591837,0.2857142857142857,11.25,0.3877551020408163,0.4897959183673469,0.0,0.4693877551020408,65,30,216.66666666666663,1904-07,True,1904,1902,31.927061160777612
1904-08,25.0,25.0,0.36,0.32,0.68,0.64,0.32,12.0,0.4,0.28,0.04,0.68,61,29,210.3448275862069,1904-08,True,1904,1902,25.605222080317873
1904-09,23.0,21.0,0.4285714285714285,0.2857142857142857,0.7142857142857143,0.5714285714285714,0.3043478260869565,6.0,0.217391304347826,0.0869565217391304,0.1304347826086956,0.782608695652174,48,27,177.77777777777777,1904-09,False,1904,1902,-6.9618277281112455
1904-10,40.0,39.0,0.282051282051282,0.358974358974359,0.6410256410256411,0.717948717948718,0.35,8.8,0.325,0.35,0.075,0.525,67,30,223.33333333333337,1904-10,False,1904,1902,38.593727827444354
1904-11,12.0,12.0,0.8333333333333334,0.0833333333333333,0.9166666666666666,0.1666666666666666,0.5833333333333334,6.0,0.25,0.0833333333333333,0.3333333333333333,0.5833333333333334,29,29,100.0,1904-11,False,1904,1902,-84.73960550588902
1904-12,29.0,28.0,0.7142857142857143,0.1428571428571428,0.8571428571428571,0.2857142857142857,0.3793103448275862,8.333333333333334,0.1724137931034483,0.1724137931034483,0.0,0.8275862068965517,55,30,183.33333333333337,1904-12,False,1904,1902,-1.4062721725556457
1905-01,22.0,19.0,0.6842105263157895,0.1578947368421052,0.8421052631578947,0.3157894736842105,0.3181818181818182,9.0,0.5,0.3636363636363636,0.1363636363636363,0.5,41,30,136.66666666666666,1905-01,False,1905,1905,-47.95640027632365
1905-02,17.0,16.0,0.5,0.25,0.75,0.5,0.2352941176470588,8.333333333333334,0.0588235294117647,0.0588235294117647,0.0,0.9411764705882352,40,28,142.85714285714286,1905-02,False,1905,1905,-41.765924085847445
1905-03,14.0,14.0,0.0,0.5,0.5,1.0,0.5,7.5,0.0714285714285714,0.2857142857142857,0.0714285714285714,0.5714285714285714,48,28,171.42857142857142,1905-03,False,1905,1905,-13.19449551441889
1905-04,17.0,16.0,0.875,0.0625,0.9375,0.125,0.2941176470588235,9.0,0.3529411764705882,0.2941176470588235,0.0588235294117647,0.6470588235294118,41,26,157.69230769230768,1905-04,False,1905,1905,-26.930759250682627
1905-05,17.0,16.0,0.25,0.375,0.625,0.75,0.5294117647058824,6.0,0.2941176470588235,0.4117647058823529,0.0588235294117647,0.5294117647058824,59,26,226.92307692307693,1905-05,False,1905,1905,42.30000998008663
1905-06,9.0,9.0,0.5555555555555556,0.2222222222222222,0.7777777777777778,0.4444444444444444,0.6666666666666666,,0.4444444444444444,0.4444444444444444,0.0,0.5555555555555556,40,29,137.93103448275863,1905-06,False,1905,1905,-46.69203246023167
1905-07,19.0,19.0,0.3684210526315789,0.3157894736842105,0.6842105263157895,0.631578947368421,0.5789473684210527,3.5,0.3157894736842105,0.3157894736842105,0.0,0.5789473684210527,44,27,162.96296296296296,1905-07,False,1905,1905,-21.660103980027344
1905-08,15.0,15.0,0.3333333333333333,0.3333333333333333,0.6666666666666666,0.6666666666666667,0.4666666666666667,12.0,0.4,0.2666666666666666,0.2666666666666666,0.4666666666666667,48,25,192.0,1905-08,False,1905,1905,7.376933057009694
1905-09,35.0,34.0,0.5294117647058824,0.2352941176470588,0.7647058823529411,0.4705882352941176,0.3142857142857143,11.142857142857142,0.2857142857142857,0.4,0.0285714285714285,0.5142857142857142,69,30,230.0,1905-09,False,1905,1905,45.376933057009694
1905-10,35.0,35.0,-0.3142857142857143,0.6571428571428571,0.3428571428571428,0.6857142857142857,0.3428571428571428,8.571428571428571,0.5428571428571428,0.4857142857142857,0.0571428571428571,0.2571428571428571,54,27,200.0,1905-10,False,1905,1905,15.376933057009694
1905-11,21.0,19.0,0.3684210526315789,0.3157894736842105,0.6842105263157895,0.631578947368421,0.5238095238095238,6.0,0.3809523809523809,0.4761904761904761,0.0476190476190476,0.3809523809523809,44,21,209.52380952380952,1905-11,False,1905,1905,24.900742580819212
1905-12,34.0,34.0,0.4117647058823529,0.2941176470588235,0.7058823529411765,0.5882352941176471,0.5294117647058824,11.0,0.3529411764705882,0.3235294117647059,0.0588235294117647,0.5294117647058824,69,29,237.93103448275863,1905-12,False,1905,1905,53.30796753976833
1906-01,40.0,39.0,0.4871794871794871,0.2564102564102564,0.7435897435897436,0.5128205128205128,0.225,10.125,0.275,0.275,0.075,0.65,64,29,220.68965517241375,1906-01,False,1906,1905,36.066588229423445
1906-02,16.0,15.0,0.6,0.2,0.8,0.4,0.3125,9.25,0.25,0.4375,0.0,0.5625,49,29,168.9655172413793,1906-02,False,1906,1905,-15.657549701611003
1906-03,28.0,28.0,0.5,0.25,0.75,0.5,0.3571428571428571,12.0,0.1428571428571428,0.2142857142857142,0.0357142857142857,0.7142857142857143,63,30,210.0,1906-03,False,1906,1905,25.376933057009694
1906-04,14.0,13.0,0.8461538461538461,0.0769230769230769,0.9230769230769232,0.1538461538461538,0.4285714285714285,12.0,0.0714285714285714,0.1428571428571428,0.0714285714285714,0.7857142857142857,40,30,133.33333333333334,1906-04,False,1906,1905,-51.28973360965696
1906-05,16.0,16.0,1.0,0.0,1.0,0.0,0.25,9.0,0.125,0.0625,0.125,0.8125,53,27,196.2962962962963,1906-05,False,1906,1905,11.673229353305999
1906-06,20.0,18.0,0.2222222222222222,0.3888888888888889,0.6111111111111112,0.7777777777777778,0.45,10.0,0.25,0.2,0.05,0.75,54,30,180.0,1906-06,False,1906,1905,-4.623066942990306
1906-07,39.0,38.0,0.6842105263157895,0.1578947368421052,0.8421052631578947,0.3157894736842105,0.4102564102564102,9.6,0.282051282051282,0.3333333333333333,0.0,0.6666666666666666,78,29,268.9655172413793,1906-07,False,1906,1905,84.342450298389
1906-08,22.0,21.0,0.0476190476190476,0.4761904761904761,0.5238095238095238,0.9523809523809524,0.2272727272727272,12.0,0.1363636363636363,0.3636363636363636,0.0454545454545454,0.5909090909090909,37,30,123.33333333333331,1906-08,False,1906,1905,-61.28973360965699
1906-09,19.0,19.0,0.2631578947368421,0.3684210526315789,0.631578947368421,0.736842105263158,0.3157894736842105,1.0,0.2105263157894736,0.2631578947368421,0.0526315789473684,0.631578947368421,40,26,153.84615384615384,1906-09,False,1906,1905,-30.776913096836466
1906-10,34.0,33.0,0.5151515151515151,0.2424242424242424,0.7575757575757576,0.4848484848484848,0.4411764705882353,7.0,0.1764705882352941,0.2058823529411764,0.0588235294117647,0.7058823529411765,61,29,210.3448275862069,1906-10,False,1906,1905,25.721760643216584
1906-11,18.0,15.0,0.6,0.2,0.8,0.4,0.3333333333333333,9.0,0.3888888888888889,0.1666666666666666,0.2222222222222222,0.5555555555555556,40,25,160.0,1906-11,False,1906,1905,-24.623066942990306
1906-12,28.0,28.0,0.5,0.25,0.75,0.5,0.3571428571428571,11.333333333333334,0.5714285714285714,0.3928571428571428,0.1785714285714285,0.4285714285714285,57,30,190.0,1906-12,False,1906,1905,5.376933057009694
1907-01,27.0,27.0,0.7777777777777778,0.1111111111111111,0.8888888888888888,0.2222222222222222,0.5555555555555556,9.6,0.5185185185185185,0.5555555555555556,0.1111111111111111,0.3333333333333333,67,30,223.33333333333337,1907-01,False,1907,1905,38.710266390343065
1907-02,29.0,28.0,0.0,0.5,0.5,1.0,0.5172413793103449,12.0,0.5172413793103449,0.4482758620689655,0.1379310344827586,0.4137931034482758,53,30,176.66666666666666,1907-02,False,1907,1905,-7.956400276323649
1907-03,20.0,19.0,0.2631578947368421,0.3684210526315789,0.631578947368421,0.736842105263158,0.4,10.8,0.4,0.35,0.15,0.5,45,30,150.0,1907-03,False,1907,1905,-34.623066942990306
1907-04,39.0,37.0,0.4594594594594595,0.2702702702702703,0.7297297297297297,0.5405405405405406,0.3333333333333333,7.6,0.358974358974359,0.5128205128205128,0.0512820512820512,0.4102564102564102,65,29,224.13793103448276,1907-04,False,1907,1905,39.514864091492456
1907-05,26.0,26.0,-0.0769230769230769,0.5384615384615384,0.4615384615384615,0.9230769230769232,0.4615384615384615,12.0,0.3461538461538461,0.3076923076923077,0.0384615384615384,0.6538461538461539,49,29,168.9655172413793,1907-05,True,1907,1905,-15.657549701611003
1907-06,37.0,35.0,0.2,0.4,0.6,0.8,0.4324324324324324,6.0,0.3513513513513513,0.3513513513513513,0.2432432432432432,0.4054054054054054,60,29,206.8965517241379,1907-06,True,1907,1905,22.2734847811476
1907-07,24.0,23.0,0.6521739130434783,0.1739130434782608,0.8260869565217391,0.3478260869565217,0.4166666666666667,7.5,0.4166666666666667,0.4166666666666667,0.0833333333333333,0.5,46,26,176.92307692307693,1907-07,True,1907,1905,-7.699990019913372
1907-08,28.0,27.0,0.4074074074074074,0.2962962962962963,0.7037037037037037,0.5925925925925926,0.25,12.0,0.3214285714285714,0.5,0.1071428571428571,0.3214285714285714,43,30,143.33333333333334,1907-08,True,1907,1905,-41.28973360965696
1907-09,34.0,31.0,0.3548387096774194,0.3225806451612903,0.6774193548387096,0.6451612903225806,0.5,7.0,0.4705882352941176,0.5588235294117647,0.0294117647058823,0.4117647058823529,59,29,203.44827586206895,1907-09,True,1907,1905,18.825208919078648
1907-10,33.0,31.0,0.5483870967741935,0.2258064516129032,0.7741935483870968,0.4516129032258065,0.5151515151515151,3.5,0.6666666666666666,0.6060606060606061,0.1515151515151515,0.2121212121212121,67,29,231.0344827586207,1907-10,True,1907,1905,46.41141581563039
1907-11,41.0,41.0,0.7073170731707317,0.1463414634146341,0.8536585365853658,0.2926829268292683,0.3414634146341463,8.0,0.3902439024390244,0.3658536585365853,0.1707317073170731,0.4390243902439024,58,30,193.33333333333337,1907-11,True,1907,1905,8.710266390343065
1907-12,17.0,16.0,0.375,0.3125,0.6875,0.625,0.4705882352941176,6.0,0.3529411764705882,0.2941176470588235,0.3529411764705882,0.3529411764705882,38,30,126.66666666666669,1907-12,True,1907,1905,-57.95640027632362
1908-01,25.0,25.0,0.68,0.16,0.84,0.3199999999999999,0.24,12.0,0.44,0.44,0.08,0.4,63,28,225.0,1908-01,True,1908,1908,39.293194672505024
1908-02,17.0,17.0,0.7647058823529411,0.1176470588235294,0.8823529411764706,0.2352941176470588,0.2352941176470588,12.0,0.5882352941176471,0.4705882352941176,0.1764705882352941,0.3529411764705882,54,30,180.0,1908-02,True,1908,1908,-5.706805327494976
1908-03,21.0,21.0,0.8095238095238095,0.0952380952380952,0.9047619047619048,0.1904761904761904,0.3809523809523809,12.0,0.3809523809523809,0.2857142857142857,0.1428571428571428,0.5714285714285714,44,30,146.66666666666666,1908-03,True,1908,1908,-39.04013866082832
1908-04,12.0,12.0,0.8333333333333334,0.0833333333333333,0.9166666666666666,0.1666666666666666,0.4166666666666667,9.0,0.1666666666666666,0.3333333333333333,0.0,0.5833333333333334,52,30,173.33333333333334,1908-04,True,1908,1908,-12.373471994161633
1908-05,28.0,26.0,0.8461538461538461,0.0769230769230769,0.9230769230769232,0.1538461538461538,0.3214285714285714,9.0,0.3571428571428571,0.5357142857142857,0.0357142857142857,0.3571428571428571,43,30,143.33333333333334,1908-05,True,1908,1908,-42.37347199416163
1908-06,25.0,24.0,0.5833333333333334,0.2083333333333333,0.7916666666666666,0.4166666666666666,0.32,,0.52,0.48,0.08,0.4,59,30,196.66666666666663,1908-06,True,1908,1908,10.959861339171653
1908-07,33.0,33.0,0.5757575757575758,0.2121212121212121,0.7878787878787878,0.4242424242424242,0.2727272727272727,7.0,0.5151515151515151,0.5454545454545454,0.0303030303030303,0.4242424242424242,73,30,243.33333333333337,1908-07,False,1908,1908,57.626528005838395
1908-08,32.0,32.0,0.6875,0.15625,0.84375,0.3125,0.5,5.75,0.375,0.28125,0.0625,0.65625,75,30,250.0,1908-08,False,1908,1908,64.29319467250502
1908-09,18.0,17.0,0.7647058823529411,0.1176470588235294,0.8823529411764706,0.2352941176470588,0.2777777777777778,9.0,0.1666666666666666,0.2777777777777778,0.0,0.7222222222222222,59,30,196.66666666666663,1908-09,False,1908,1908,10.959861339171653
1908-10,40.0,39.0,0.6410256410256411,0.1794871794871795,0.8205128205128205,0.3589743589743589,0.225,12.0,0.675,0.675,0.075,0.225,66,30,220.0,1908-10,False,1908,1908,34.293194672505024
1908-11,33.0,32.0,0.875,0.0625,0.9375,0.125,0.3636363636363636,22.8,0.303030303030303,0.3636363636363636,0.0606060606060606,0.5757575757575758,66,25,264.0,1908-11,False,1908,1908,78.29319467250502
1908-12,17.0,17.0,0.6470588235294118,0.1764705882352941,0.8235294117647058,0.3529411764705882,0.3529411764705882,6.0,0.5294117647058824,0.4117647058823529,0.1764705882352941,0.2941176470588235,44,30,146.66666666666666,1908-12,False,1908,1908,-39.04013866082832
1909-01,31.0,27.0,0.8518518518518519,0.074074074074074,0.925925925925926,0.1481481481481481,0.1935483870967742,10.88888888888889,0.4838709677419355,0.6451612903225806,0.0967741935483871,0.2580645161290322,70,29,241.3793103448276,1909-01,False,1909,1908,55.67250501733261
1909-02,15.0,14.0,0.1428571428571428,0.4285714285714285,0.5714285714285714,0.8571428571428572,0.5333333333333333,9.0,0.2666666666666666,0.4666666666666667,0.1333333333333333,0.4,43,30,143.33333333333334,1909-02,False,1909,1908,-42.37347199416163
1909-03,23.0,23.0,0.391304347826087,0.3043478260869565,0.6956521739130435,0.6086956521739131,0.4347826086956521,9.0,0.3478260869565217,0.3478260869565217,0.0869565217391304,0.5652173913043478,48,30,160.0,1909-03,False,1909,1908,-25.706805327494976
1909-04,45.0,45.0,0.9111111111111112,0.0444444444444444,0.9555555555555556,0.0888888888888889,0.4888888888888889,10.8,0.5111111111111111,0.5111111111111111,0.0444444444444444,0.4222222222222222,74,29,255.17241379310343,1909-04,False,1909,1908,69.46560846560845
1909-05,27.0,27.0,1.0,0.0,1.0,0.0,0.2592592592592592,10.0,0.5185185185185185,0.5185185185185185,0.0,0.4814814814814814,40,30,133.33333333333334,1909-05,False,1909,1908,-52.37347199416163
1909-06,15.0,14.0,0.4285714285714285,0.2857142857142857,0.7142857142857143,0.5714285714285714,0.5333333333333333,12.0,0.3333333333333333,0.4,0.0,0.5333333333333333,43,28,153.57142857142858,1909-06,False,1909,1908,-32.13537675606639
1909-07,27.0,26.0,0.6923076923076923,0.1538461538461538,0.8461538461538461,0.3076923076923077,0.2962962962962963,6.5,0.4074074074074074,0.6296296296296297,0.037037037037037,0.3333333333333333,58,30,193.33333333333337,1909-07,False,1909,1908,7.626528005838395
1909-08,30.0,30.0,0.9333333333333332,0.0333333333333333,0.9666666666666668,0.0666666666666666,0.3,10.0,0.6,0.5,0.1,0.4,64,30,213.33333333333337,1909-08,False,1909,1908,27.626528005838395
1909-09,23.0,23.0,-0.1304347826086956,0.5652173913043478,0.4347826086956521,0.8695652173913043,0.3478260869565217,10.0,0.1304347826086956,0.1304347826086956,0.0,0.8260869565217391,55,29,189.6551724137931,1909-09,False,1909,1908,3.948367086298134
1909-10,23.0,22.0,0.5454545454545454,0.2272727272727272,0.7727272727272727,0.4545454545454546,0.217391304347826,8.666666666666666,0.391304347826087,0.5217391304347826,0.0434782608695652,0.391304347826087,54,30,180.0,1909-10,False,1909,1908,-5.706805327494976
1909-11,21.0,21.0,0.6190476190476191,0.1904761904761904,0.8095238095238095,0.3809523809523809,0.4285714285714285,10.0,0.0952380952380952,0.2857142857142857,0.0476190476190476,0.6666666666666666,44,30,146.66666666666666,1909-11,False,1909,1908,-39.04013866082832
1909-12,26.0,25.0,0.36,0.32,0.68,0.64,0.4230769230769231,10.285714285714286,0.2307692307692307,0.2307692307692307,0.0384615384615384,0.7307692307692307,73,30,243.33333333333337,1909-12,False,1909,1908,57.626528005838395
1910-01,23.0,23.0,0.5652173913043478,0.217391304347826,0.782608695652174,0.4347826086956522,0.3478260869565217,12.0,0.391304347826087,0.3478260869565217,0.0434782608695652,0.5652173913043478,55,30,183.33333333333337,1910-01,True,1910,1908,-2.373471994161605
1910-02,28.0,25.0,0.52,0.24,0.76,0.48,0.3928571428571428,6.0,0.5,0.5357142857142857,0.0714285714285714,0.3928571428571428,59,29,203.44827586206895,1910-02,True,1910,1908,17.741470534573978
1910-03,22.0,22.0,0.7272727272727273,0.1363636363636363,0.8636363636363636,0.2727272727272727,0.2727272727272727,12.0,0.0,0.0909090909090909,0.0,0.9090909090909092,50,29,172.41379310344828,1910-03,True,1910,1908,-13.293012224046691
1910-04,19.0,19.0,0.5789473684210527,0.2105263157894736,0.7894736842105263,0.4210526315789473,0.2631578947368421,12.0,0.3684210526315789,0.3157894736842105,0.1052631578947368,0.5263157894736842,44,30,146.66666666666666,1910-04,True,1910,1908,-39.04013866082832
1910-05,24.0,24.0,0.8333333333333334,0.0833333333333333,0.9166666666666666,0.1666666666666666,0.1666666666666666,12.0,0.25,0.375,0.0,0.625,60,30,200.0,1910-05,True,1910,1908,14.293194672505024
1910-06,27.0,25.0,0.52,0.24,0.76,0.48,0.5185185185185185,9.0,0.2962962962962963,0.4444444444444444,0.1111111111111111,0.4444444444444444,48,30,160.0,1910-06,True,1910,1908,-25.706805327494976
1910-07,25.0,24.0,0.5,0.25,0.75,0.5,0.4,9.0,0.64,0.6,0.0,0.24,45,30,150.0,1910-07,True,1910,1908,-35.706805327494976
1910-08,28.0,28.0,0.4285714285714285,0.2857142857142857,0.7142857142857143,0.5714285714285714,0.4285714285714285,6.0,0.3928571428571428,0.4642857142857143,0.0,0.5357142857142857,50,29,172.41379310344828,1910-08,True,1910,1908,-13.293012224046691
1910-09,15.0,15.0,0.4666666666666667,0.2666666666666666,0.7333333333333333,0.5333333333333333,0.1333333333333333,12.0,0.2666666666666666,0.6,0.0,0.4,40,30,133.33333333333334,1910-09,True,1910,1908,-52.37347199416163
1910-10,20.0,20.0,0.7,0.15,0.85,0.3,0.4,6.0,0.5,0.45,0.05,0.45,44,29,151.72413793103448,1910-10,True,1910,1908,-33.9826673964605
1910-11,18.0,18.0,0.3333333333333333,0.3333333333333333,0.6666666666666666,0.6666666666666667,0.3333333333333333,12.0,0.3333333333333333,0.4444444444444444,0.0,0.4444444444444444,44,30,146.66666666666666,1910-11,True,1910,1908,-39.04013866082832
1910-12,38.0,34.0,0.3529411764705882,0.3235294117647059,0.6764705882352942,0.6470588235294117,0.3421052631578947,8.0,0.631578947368421,0.6578947368421053,0.0263157894736842,0.2894736842105263,68,30,226.66666666666663,1910-12,True,1910,1908,40.95986133917165
1911-01,30.0,30.0,0.4666666666666667,0.2666666666666666,0.7333333333333333,0.5333333333333333,0.5666666666666667,10.666666666666666,0.5,0.6,0.0,0.3666666666666666,61,30,203.33333333333337,1911-01,True,1911,1911,40.790966306292006
1911-02,24.0,23.0,0.8260869565217391,0.0869565217391304,0.9130434782608696,0.1739130434782608,0.2083333333333333,5.0,0.3333333333333333,0.3333333333333333,0.0416666666666666,0.5833333333333334,47,30,156.66666666666666,1911-02,True,1911,1911,-5.875700360374708
1911-03,13.0,12.0,0.6666666666666666,0.1666666666666666,0.8333333333333334,0.3333333333333333,0.2307692307692307,6.0,0.4615384615384615,0.4615384615384615,0.0,0.4615384615384615,40,30,133.33333333333334,1911-03,True,1911,1911,-29.209033693708022
1911-04,25.0,24.0,0.75,0.125,0.875,0.25,0.28,9.0,0.28,0.6,0.0,0.32,49,29,168.9655172413793,1911-04,True,1911,1911,6.423150214337937
1911-05,28.0,28.0,0.8571428571428571,0.0714285714285714,0.9285714285714286,0.1428571428571429,0.4285714285714285,9.0,0.3928571428571428,0.3928571428571428,0.0,0.6071428571428571,46,29,158.6206896551724,1911-05,True,1911,1911,-3.9216773718689524
1911-06,7.0,7.0,0.7142857142857143,0.1428571428571428,0.8571428571428571,0.2857142857142857,0.2857142857142857,12.0,0.1428571428571428,0.2857142857142857,0.0,0.7142857142857143,28,25,112.0,1911-06,True,1911,1911,-50.542367027041365
1911-07,15.0,12.0,0.5,0.25,0.75,0.5,0.4666666666666667,6.0,0.4,0.4666666666666667,0.0,0.5333333333333333,57,29,196.55172413793105,1911-07,True,1911,1911,34.00935711088968
1911-08,16.0,15.0,0.8666666666666667,0.0666666666666666,0.9333333333333332,0.1333333333333333,0.6875,60.0,0.5,0.5,0.0625,0.4375,60,30,200.0,1911-08,True,1911,1911,37.457632972958635
1911-09,24.0,24.0,0.5833333333333334,0.2083333333333333,0.7916666666666666,0.4166666666666666,0.25,,0.4583333333333333,0.5,0.0416666666666666,0.4583333333333333,43,30,143.33333333333334,1911-09,True,1911,1911,-19.209033693708022
1911-10,12.0,12.0,0.8333333333333334,0.0833333333333333,0.9166666666666666,0.1666666666666666,0.5833333333333334,12.0,0.25,0.25,0.0833333333333333,0.6666666666666666,37,30,123.33333333333331,1911-10,True,1911,1911,-39.20903369370805
1911-11,13.0,13.0,-0.0769230769230769,0.5384615384615384,0.4615384615384615,0.9230769230769232,0.3846153846153846,,0.3076923076923077,0.5384615384615384,0.0769230769230769,0.3076923076923077,24,30,80.0,1911-11,True,1911,1911,-82.54236702704137
1911-12,32.0,31.0,0.8064516129032258,0.0967741935483871,0.9032258064516128,0.1935483870967742,0.34375,11.1,0.65625,0.6875,0.0625,0.25,63,28,225.0,1911-12,True,1911,1911,62.457632972958635
1912-01,36.0,35.0,0.4285714285714285,0.2857142857142857,0.7142857142857143,0.5714285714285714,0.3888888888888889,15.5,0.4444444444444444,0.5833333333333334,0.0555555555555555,0.3055555555555556,54,30,180.0,1912-01,True,1912,1911,17.457632972958635
1912-02,7.0,6.0,1.0,0.0,1.0,0.0,0.4285714285714285,,0.2857142857142857,0.1428571428571428,0.0,0.8571428571428571,45,26,173.07692307692307,1912-02,False,1912,1911,10.5345560498817
1912-03,8.0,8.0,0.25,0.375,0.625,0.75,0.375,8.666666666666666,0.0,0.0,0.0,0.75,25,27,92.5925925925926,1912-03,False,1912,1911,-69.94977443444877
1912-04,13.0,13.0,0.5384615384615384,0.2307692307692307,0.7692307692307693,0.4615384615384615,0.3076923076923077,,0.2307692307692307,0.2307692307692307,0.0769230769230769,0.6923076923076923,46,26,176.92307692307693,1912-04,False,1912,1911,14.380709896035569
1912-05,33.0,33.0,0.4545454545454545,0.2727272727272727,0.7272727272727273,0.5454545454545454,0.3636363636363636,10.0,0.3939393939393939,0.4242424242424242,0.0303030303030303,0.3636363636363636,65,30,216.66666666666663,1912-05,False,1912,1911,54.124299639625264
1912-06,18.0,15.0,0.7333333333333333,0.1333333333333333,0.8666666666666667,0.2666666666666667,0.1666666666666666,6.0,0.2777777777777778,0.3333333333333333,0.0,0.6666666666666666,37,28,132.14285714285714,1912-06,False,1912,1911,-30.399509884184226
1912-07,22.0,22.0,0.9090909090909092,0.0454545454545454,0.9545454545454546,0.0909090909090909,0.2727272727272727,9.0,0.1818181818181818,0.3636363636363636,0.0454545454545454,0.5909090909090909,41,30,136.66666666666666,1912-07,False,1912,1911,-25.875700360374708
1912-08,23.0,23.0,0.5652173913043478,0.217391304347826,0.782608695652174,0.4347826086956522,0.391304347826087,9.0,0.391304347826087,0.4782608695652174,0.1304347826086956,0.391304347826087,59,26,226.92307692307693,1912-08,False,1912,1911,64.38070989603557
1912-09,30.0,30.0,0.6666666666666666,0.1666666666666666,0.8333333333333334,0.3333333333333333,0.2333333333333333,8.571428571428571,0.5333333333333333,0.6,0.0,0.3666666666666666,49,27,181.4814814814815,1912-09,False,1912,1911,18.93911445444013
1912-10,37.0,37.0,0.5135135135135135,0.2432432432432432,0.7567567567567568,0.4864864864864865,0.2162162162162162,6.0,0.3243243243243243,0.4864864864864865,0.0,0.4864864864864865,48,27,177.77777777777777,1912-10,False,1912,1911,15.235410750736406
1912-11,42.0,40.0,0.35,0.325,0.675,0.65,0.3571428571428571,11.142857142857142,0.238095238095238,0.4047619047619047,0.0952380952380952,0.5,69,29,237.93103448275863,1912-11,False,1912,1911,75.38866745571727
1912-12,25.0,23.0,0.4782608695652174,0.2608695652173913,0.7391304347826086,0.5217391304347826,0.32,10.428571428571429,0.6,0.28,0.36,0.36,50,26,192.30769230769232,1912-12,False,1912,1911,29.765325280650956
1913-01,17.0,17.0,0.8823529411764706,0.0588235294117647,0.9411764705882352,0.1176470588235294,0.1176470588235294,12.0,0.4117647058823529,0.6470588235294118,0.0588235294117647,0.2352941176470588,51,29,175.86206896551724,1913-01,True,1913,1911,13.319701938475873
1913-02,9.0,8.0,0.25,0.375,0.625,0.75,0.2222222222222222,12.0,0.6666666666666666,0.6666666666666666,0.0,0.3333333333333333,32,30,106.66666666666669,1913-02,True,1913,1911,-55.87570036037468
1913-03,7.0,7.0,0.1428571428571428,0.4285714285714285,0.5714285714285714,0.8571428571428572,0.5714285714285714,,0.8571428571428571,0.7142857142857143,0.1428571428571428,0.1428571428571428,23,29,79.3103448275862,1913-03,True,1913,1911,-83.23202219945516
1913-04,12.0,11.0,0.4545454545454545,0.2727272727272727,0.7272727272727273,0.5454545454545454,0.4166666666666667,12.0,0.25,0.25,0.0,0.75,44,30,146.66666666666666,1913-04,True,1913,1911,-15.875700360374708
1913-05,15.0,15.0,0.7333333333333333,0.1333333333333333,0.8666666666666667,0.2666666666666667,0.2666666666666666,8.0,0.3333333333333333,0.3333333333333333,0.0,0.6666666666666666,38,30,126.66666666666669,1913-05,True,1913,1911,-35.87570036037468
1913-06,18.0,18.0,0.7777777777777778,0.1111111111111111,0.8888888888888888,0.2222222222222222,0.4444444444444444,6.0,0.5,0.7222222222222222,0.0555555555555555,0.1111111111111111,35,29,120.6896551724138,1913-06,True,1913,1911,-41.85271185462757
1913-07,24.0,24.0,0.3333333333333333,0.3333333333333333,0.6666666666666666,0.6666666666666667,0.5,12.0,0.25,0.4166666666666667,0.0833333333333333,0.5,51,30,170.0,1913-07,True,1913,1911,7.457632972958635
1913-08,20.0,20.0,1.0,0.0,1.0,0.0,0.45,,0.8,0.7,0.2,0.1,36,29,124.13793103448276,1913-08,True,1913,1911,-38.404435992558604
1913-09,28.0,28.0,0.9285714285714286,0.0357142857142857,0.9642857142857144,0.0714285714285714,0.25,6.0,0.3928571428571428,0.3928571428571428,0.0357142857142857,0.5714285714285714,70,26,269.2307692307692,1913-09,True,1913,1911,106.68840220372786
1913-10,22.0,21.0,0.4285714285714285,0.2857142857142857,0.7142857142857143,0.5714285714285714,0.3636363636363636,120.0,0.3636363636363636,0.4090909090909091,0.0454545454545454,0.5454545454545454,53,30,176.66666666666666,1913-10,True,1913,1911,14.124299639625292
1913-11,19.0,17.0,0.0588235294117647,0.4705882352941176,0.5294117647058824,0.9411764705882352,0.2631578947368421,24.0,0.2105263157894736,0.3157894736842105,0.0,0.631578947368421,43,30,143.33333333333334,1913-11,True,1913,1911,-19.209033693708022
1913-12,40.0,40.0,0.7,0.15,0.85,0.3,0.35,9.142857142857142,0.525,0.55,0.075,0.325,56,30,186.66666666666663,1913-12,True,1913,1911,24.124299639625264
1914-01,49.0,49.0,0.8775510204081632,0.0612244897959183,0.9387755102040816,0.1224489795918367,0.3877551020408163,10.363636363636363,0.5510204081632653,0.4081632653061224,0.2040816326530612,0.3877551020408163,61,29,210.3448275862069,1914-01,True,1914,1914,32.25367041075853
1914-02,29.0,28.0,0.8571428571428571,0.0714285714285714,0.9285714285714286,0.1428571428571429,0.2413793103448276,6.0,0.4482758620689655,0.6206896551724138,0.1379310344827586,0.2068965517241379,49,30,163.33333333333334,1914-02,True,1914,1914,-14.757823842115016
1914-03,27.0,27.0,0.7037037037037037,0.1481481481481481,0.8518518518518519,0.2962962962962963,0.3333333333333333,12.0,0.2962962962962963,0.1481481481481481,0.074074074074074,0.5925925925925926,55,30,183.33333333333337,1914-03,True,1914,1914,5.242176157885012
1914-04,39.0,38.0,0.5789473684210527,0.2105263157894736,0.7894736842105263,0.4210526315789473,0.358974358974359,6.75,0.3333333333333333,0.3076923076923077,0.0769230769230769,0.5897435897435898,71,30,236.66666666666663,1914-04,True,1914,1914,58.57550949121827
1914-05,24.0,24.0,0.75,0.125,0.875,0.25,0.25,12.0,0.5833333333333334,0.625,0.0833333333333333,0.25,56,30,186.66666666666663,1914-05,True,1914,1914,8.57550949121827
1914-06,27.0,26.0,0.8461538461538461,0.0769230769230769,0.9230769230769232,0.1538461538461538,0.2962962962962963,12.0,0.5555555555555556,0.5185185185185185,0.1111111111111111,0.3333333333333333,48,30,160.0,1914-06,True,1914,1914,-18.09115717544836
1914-07,34.0,34.0,0.5882352941176471,0.2058823529411764,0.7941176470588235,0.4117647058823529,0.2941176470588235,12.0,0.7058823529411765,0.7352941176470589,0.088235294117647,0.1470588235294117,54,29,186.20689655172413,1914-07,True,1914,1914,8.11573937627577
1914-08,39.0,39.0,0.6923076923076923,0.1538461538461538,0.8461538461538461,0.3076923076923077,0.2564102564102564,9.6,0.4871794871794871,0.5641025641025641,0.1282051282051282,0.3076923076923077,75,29,258.62068965517244,1914-08,True,1914,1914,80.52953247972408
1914-09,36.0,35.0,0.8857142857142857,0.0571428571428571,0.9428571428571428,0.1142857142857143,0.3611111111111111,10.166666666666666,0.5277777777777778,0.5277777777777778,0.0,0.3888888888888889,58,25,232.0,1914-09,True,1914,1914,53.90884282455164
1914-10,35.0,35.0,0.7714285714285715,0.1142857142857142,0.8857142857142857,0.2285714285714285,0.2,7.4,0.5428571428571428,0.5714285714285714,0.0857142857142857,0.3428571428571428,56,30,186.66666666666663,1914-10,True,1914,1914,8.57550949121827
1914-11,21.0,21.0,0.8095238095238095,0.0952380952380952,0.9047619047619048,0.1904761904761904,0.238095238095238,7.75,0.3333333333333333,0.3809523809523809,0.1904761904761904,0.3809523809523809,53,30,176.66666666666666,1914-11,True,1914,1914,-1.4244905087817017
1914-12,27.0,27.0,0.925925925925926,0.037037037037037,0.9629629629629628,0.074074074074074,0.2222222222222222,12.0,0.4444444444444444,0.2222222222222222,0.2962962962962963,0.4814814814814814,60,30,200.0,1914-12,True,1914,1914,21.90884282455164
1915-01,48.0,48.0,0.75,0.125,0.875,0.25,0.2916666666666667,10.5,0.7291666666666666,0.6666666666666666,0.1666666666666666,0.1666666666666666,67,29,231.0344827586207,1915-01,False,1915,1914,52.94332558317234
1915-02,21.0,21.0,0.5238095238095238,0.238095238095238,0.7619047619047619,0.4761904761904761,0.3333333333333333,10.8,0.2857142857142857,0.3333333333333333,0.1428571428571428,0.4761904761904761,60,29,206.8965517241379,1915-02,False,1915,1914,28.80539454868955
1915-03,18.0,18.0,0.8888888888888888,0.0555555555555555,0.9444444444444444,0.1111111111111111,0.3333333333333333,6.0,0.3888888888888889,0.6666666666666666,0.0,0.3333333333333333,44,30,146.66666666666666,1915-03,False,1915,1914,-31.4244905087817
1915-04,35.0,35.0,0.7714285714285715,0.1142857142857142,0.8857142857142857,0.2285714285714285,0.3714285714285714,9.0,0.5428571428571428,0.5142857142857142,0.1714285714285714,0.2857142857142857,71,30,236.66666666666663,1915-04,False,1915,1914,58.57550949121827
1915-05,31.0,31.0,0.4838709677419355,0.2580645161290322,0.7419354838709677,0.5161290322580645,0.3225806451612903,19.0,0.4838709677419355,0.3870967741935484,0.0967741935483871,0.3870967741935484,44,29,151.72413793103448,1915-05,False,1915,1914,-26.367019244413882
1915-06,15.0,15.0,0.8666666666666667,0.0666666666666666,0.9333333333333332,0.1333333333333333,0.3333333333333333,12.0,0.6,0.3333333333333333,0.4,0.2666666666666666,42,29,144.82758620689654,1915-06,False,1915,1914,-33.26357096855182
1915-07,8.0,8.0,0.5,0.25,0.75,0.5,0.375,6.0,0.5,0.375,0.25,0.375,30,30,100.0,1915-07,False,1915,1914,-78.09115717544836
1915-08,39.0,36.0,0.7222222222222222,0.1388888888888889,0.8611111111111112,0.2777777777777778,0.2307692307692307,9.0,0.2051282051282051,0.2051282051282051,0.0512820512820512,0.7435897435897436,80,30,266.6666666666667,1915-08,False,1915,1914,88.57550949121833
1915-09,23.0,22.0,0.8181818181818182,0.0909090909090909,0.9090909090909092,0.1818181818181817,0.4347826086956521,,0.2608695652173913,0.3478260869565217,0.0869565217391304,0.4782608695652174,53,27,196.2962962962963,1915-09,False,1915,1914,18.205139120847946
1915-10,18.0,18.0,0.5555555555555556,0.2222222222222222,0.7777777777777778,0.4444444444444444,0.3333333333333333,,0.5,0.4444444444444444,0.1666666666666666,0.3888888888888889,47,29,162.06896551724137,1915-10,False,1915,1914,-16.022191658206992
1915-11,13.0,13.0,0.6923076923076923,0.1538461538461538,0.8461538461538461,0.3076923076923077,0.0,,0.6923076923076923,0.6923076923076923,0.0,0.2307692307692307,37,29,127.58620689655172,1915-11,False,1915,1914,-50.504950278896644
1915-12,23.0,22.0,0.1818181818181818,0.4090909090909091,0.5909090909090909,0.8181818181818181,0.2608695652173913,7.75,0.217391304347826,0.217391304347826,0.0434782608695652,0.6956521739130435,59,30,196.66666666666663,1915-12,False,1915,1914,18.57550949121827
1916-01,27.0,24.0,0.4166666666666667,0.2916666666666667,0.7083333333333334,0.5833333333333333,0.6296296296296297,12.0,0.4444444444444444,0.5925925925925926,0.1111111111111111,0.2962962962962963,53,29,182.75862068965515,1916-01,False,1916,1914,4.667463514206787
1916-02,8.0,8.0,0.75,0.125,0.875,0.25,0.25,9.0,0.5,0.5,0.125,0.375,48,30,160.0,1916-02,False,1916,1914,-18.09115717544836
1916-03,24.0,24.0,0.3333333333333333,0.3333333333333333,0.6666666666666666,0.6666666666666667,0.3333333333333333,9.0,0.25,0.25,0.125,0.625,46,30,153.33333333333334,1916-03,False,1916,1914,-24.757823842115016
1916-04,16.0,16.0,0.375,0.3125,0.6875,0.625,0.25,12.0,0.5625,0.5,0.25,0.25,36,29,124.13793103448276,1916-04,False,1916,1914,-53.9532261409656
1916-05,15.0,15.0,0.2,0.4,0.6,0.8,0.2,12.0,0.2666666666666666,0.4666666666666667,0.0666666666666666,0.4666666666666667,41,27,151.85185185185185,1916-05,False,1916,1914,-26.23930532359651
1916-06,25.0,23.0,0.391304347826087,0.3043478260869565,0.6956521739130435,0.6086956521739131,0.36,12.0,0.44,0.44,0.04,0.52,50,29,172.41379310344828,1916-06,False,1916,1914,-5.677364072000074
1916-07,18.0,18.0,0.5555555555555556,0.2222222222222222,0.7777777777777778,0.4444444444444444,0.2777777777777778,6.0,0.3888888888888889,0.3888888888888889,0.1666666666666666,0.4444444444444444,43,30,143.33333333333334,1916-07,False,1916,1914,-34.757823842115016
1916-08,12.0,11.0,-0.0909090909090909,0.5454545454545454,0.4545454545454545,0.9090909090909092,0.1666666666666666,12.0,0.1666666666666666,0.1666666666666666,0.0,0.8333333333333334,31,26,119.23076923076924,1916-08,False,1916,1914,-58.86038794467912
1916-09,10.0,10.0,0.6,0.2,0.8,0.4,0.6,12.0,0.2,0.2,0.1,0.5,30,25,120.0,1916-09,False,1916,1914,-58.09115717544836
1916-10,18.0,18.0,0.3333333333333333,0.3333333333333333,0.6666666666666666,0.6666666666666667,0.6666666666666666,12.0,0.2777777777777778,0.3888888888888889,0.0,0.6111111111111112,42,26,161.53846153846155,1916-10,False,1916,1914,-16.55269563698681
1916-11,18.0,18.0,0.0,0.5,0.5,1.0,0.2222222222222222,12.0,0.1666666666666666,0.2777777777777778,0.0,0.6111111111111112,38,25,152.0,1916-11,False,1916,1914,-26.09115717544836
1916-12,28.0,28.0,0.5,0.25,0.75,0.5,0.3214285714285714,9.333333333333334,0.5357142857142857,0.3928571428571428,0.2142857142857142,0.3571428571428571,58,26,223.07692307692307,1916-12,False,1916,1914,44.98576590147471
1917-01,35.0,35.0,0.2,0.4,0.6,0.8,0.2857142857142857,12.0,0.4285714285714285,0.4571428571428571,0.0571428571428571,0.4857142857142857,82,29,282.7586206896552,1917-01,False,1917,1917,100.24726229003258
1917-02,22.0,22.0,0.2727272727272727,0.3636363636363636,0.6363636363636364,0.7272727272727273,0.4545454545454545,,0.2272727272727272,0.2272727272727272,0.0909090909090909,0.6363636363636364,34,27,125.92592592592592,1917-02,False,1917,1917,-56.58543247369667
1917-03,28.0,26.0,0.1538461538461538,0.4230769230769231,0.5769230769230769,0.8461538461538461,0.3928571428571428,10.0,0.3214285714285714,0.3214285714285714,0.25,0.4285714285714285,51,29,175.86206896551724,1917-03,False,1917,1917,-6.649289434105356
1917-04,18.0,17.0,0.5294117647058824,0.2352941176470588,0.7647058823529411,0.4705882352941176,0.0555555555555555,9.0,0.3333333333333333,0.3333333333333333,0.0555555555555555,0.5555555555555556,37,27,137.03703703703704,1917-04,False,1917,1917,-45.474321362585556
1917-05,35.0,35.0,0.7714285714285715,0.1142857142857142,0.8857142857142857,0.2285714285714285,0.2,10.0,0.6,0.4571428571428571,0.2,0.3428571428571428,56,27,207.40740740740745,1917-05,False,1917,1917,24.896049007784853
1917-06,35.0,34.0,-0.3529411764705882,0.6764705882352942,0.3235294117647059,0.6470588235294117,0.2571428571428571,6.0,0.2,0.1714285714285714,0.0285714285714285,0.8,62,28,221.42857142857144,1917-06,False,1917,1917,38.91721302894885
1917-07,22.0,20.0,0.8,0.1,0.9,0.1999999999999999,0.3181818181818182,9.0,0.4545454545454545,0.5454545454545454,0.0,0.4545454545454545,66,30,220.0,1917-07,False,1917,1917,37.488641600377406
1917-08,19.0,18.0,0.6666666666666666,0.1666666666666666,0.8333333333333334,0.3333333333333333,0.3157894736842105,8.0,0.4736842105263157,0.3157894736842105,0.1578947368421052,0.5263157894736842,46,28,164.28571428571428,1917-08,False,1917,1917,-18.225644113908317
1917-09,21.0,21.0,0.3333333333333333,0.3333333333333333,0.6666666666666666,0.6666666666666667,0.1428571428571428,6.0,0.3333333333333333,0.3809523809523809,0.0476190476190476,0.5714285714285714,51,30,170.0,1917-09,False,1917,1917,-12.511358399622594
1917-10,18.0,17.0,0.4117647058823529,0.2941176470588235,0.7058823529411765,0.5882352941176471,0.4444444444444444,,0.2777777777777778,0.5,0.0,0.5,35,26,134.6153846153846,1917-10,False,1917,1917,-47.89597378423798
1917-11,24.0,23.0,0.391304347826087,0.3043478260869565,0.6956521739130435,0.6086956521739131,0.2916666666666667,7.2,0.25,0.2916666666666667,0.0,0.6666666666666666,44,27,162.96296296296296,1917-11,False,1917,1917,-19.548395436659632
1917-12,22.0,21.0,0.0476190476190476,0.4761904761904761,0.5238095238095238,0.9523809523809524,0.4090909090909091,10.8,0.5,0.2272727272727272,0.4090909090909091,0.3181818181818182,46,29,158.6206896551724,1917-12,False,1917,1917,-23.89066874445018
1918-01,38.0,38.0,0.631578947368421,0.1842105263157894,0.8157894736842105,0.368421052631579,0.2894736842105263,12.0,0.5263157894736842,0.4473684210526316,0.1052631578947368,0.4210526315789473,53,29,182.75862068965515,1918-01,False,1918,1917,0.24726229003255185
1918-02,15.0,15.0,0.2,0.4,0.6,0.8,0.2,,0.2666666666666666,0.2666666666666666,0.1333333333333333,0.5333333333333333,38,27,140.74074074074073,1918-02,False,1918,1917,-41.77061765888186
1918-03,19.0,15.0,0.4666666666666667,0.2666666666666666,0.7333333333333333,0.5333333333333333,0.3157894736842105,,0.2105263157894736,0.4736842105263157,0.1052631578947368,0.3157894736842105,37,30,123.33333333333331,1918-03,False,1918,1917,-59.17802506628928
1918-04,24.0,24.0,0.75,0.125,0.875,0.25,0.5416666666666666,10.0,0.4166666666666667,0.25,0.375,0.3333333333333333,36,25,144.0,1918-04,False,1918,1917,-38.511358399622594
1918-05,10.0,10.0,0.6,0.2,0.8,0.4,0.1,12.0,0.3,0.4,0.1,0.4,37,27,137.03703703703704,1918-05,False,1918,1917,-45.474321362585556
1918-06,28.0,28.0,0.1428571428571428,0.4285714285714285,0.5714285714285714,0.8571428571428572,0.1428571428571428,,0.3214285714285714,0.2142857142857142,0.25,0.5357142857142857,44,29,151.72413793103448,1918-06,False,1918,1917,-30.787220468588117
1918-07,35.0,35.0,0.7714285714285715,0.1142857142857142,0.8857142857142857,0.2285714285714285,0.3142857142857143,9.0,0.5714285714285714,0.4857142857142857,0.3142857142857143,0.0857142857142857,61,25,244.0,1918-07,False,1918,1917,61.488641600377406
1918-08,14.0,12.0,0.0,0.5,0.5,1.0,0.2142857142857142,6.0,0.4285714285714285,0.4285714285714285,0.0714285714285714,0.4285714285714285,36,26,138.46153846153845,1918-08,True,1918,1917,-44.04981993808414
1918-09,17.0,17.0,0.8823529411764706,0.0588235294117647,0.9411764705882352,0.1176470588235294,0.3529411764705882,12.0,0.1764705882352941,0.3529411764705882,0.0,0.5294117647058824,33,23,143.47826086956522,1918-09,True,1918,1917,-39.033097530057375
1918-10,23.0,22.0,0.6363636363636364,0.1818181818181818,0.8181818181818182,0.3636363636363636,0.3478260869565217,,0.1304347826086956,0.2608695652173913,0.0,0.7391304347826086,37,27,137.03703703703704,1918-10,True,1918,1917,-45.474321362585556
1918-11,41.0,40.0,0.55,0.225,0.775,0.4499999999999999,0.3170731707317073,208.0,0.4634146341463415,0.3414634146341463,0.2195121951219512,0.4146341463414634,64,26,246.15384615384616,1918-11,True,1918,1917,63.642487754223566
1918-12,39.0,38.0,0.6842105263157895,0.1578947368421052,0.8421052631578947,0.3157894736842105,0.2307692307692307,12.0,0.717948717948718,0.6666666666666666,0.1794871794871795,0.1025641025641025,63,30,210.0,1918-12,True,1918,1917,27.488641600377406
1919-01,25.0,24.0,0.4166666666666667,0.2916666666666667,0.7083333333333334,0.5833333333333333,0.4,9.0,0.56,0.48,0.08,0.44,55,29,189.6551724137931,1919-01,True,1919,1917,7.143814014170516
1919-02,32.0,32.0,0.6875,0.15625,0.84375,0.3125,0.3125,9.5,0.46875,0.46875,0.34375,0.1875,49,30,163.33333333333334,1919-02,True,1919,1917,-19.17802506628925
1919-03,33.0,33.0,0.4545454545454545,0.2727272727272727,0.7272727272727273,0.5454545454545454,0.303030303030303,,0.3333333333333333,0.303030303030303,0.2121212121212121,0.4848484848484848,57,30,190.0,1919-03,True,1919,1917,7.488641600377406
1919-04,42.0,41.0,0.6097560975609756,0.1951219512195122,0.8048780487804879,0.3902439024390244,0.2857142857142857,10.0,0.3571428571428571,0.3095238095238095,0.119047619047619,0.5476190476190477,76,30,253.33333333333337,1919-04,False,1919,1917,70.82197493371078
1919-05,37.0,34.0,0.3529411764705882,0.3235294117647059,0.6764705882352942,0.6470588235294117,0.4324324324324324,10.8,0.4324324324324324,0.4054054054054054,0.1621621621621621,0.3783783783783784,50,30,166.66666666666666,1919-05,False,1919,1917,-15.844691732955937
1919-06,19.0,19.0,0.4736842105263157,0.2631578947368421,0.7368421052631579,0.5263157894736843,0.3157894736842105,5.5,0.3684210526315789,0.3684210526315789,0.0526315789473684,0.5263157894736842,42,30,140.0,1919-06,False,1919,1917,-42.511358399622594
1919-07,41.0,37.0,0.2432432432432432,0.3783783783783784,0.6216216216216216,0.7567567567567568,0.2682926829268293,9.75,0.5121951219512195,0.5609756097560976,0.1707317073170731,0.2682926829268293,68,29,234.48275862068965,1919-07,False,1919,1917,51.97140022106706
1919-08,36.0,35.0,-0.3714285714285714,0.6857142857142857,0.3142857142857143,0.6285714285714286,0.2222222222222222,10.8,0.6111111111111112,0.5555555555555556,0.1666666666666666,0.2777777777777778,68,30,226.66666666666663,1919-08,False,1919,1917,44.155308267044035
1919-09,29.0,29.0,0.2413793103448276,0.3793103448275862,0.6206896551724138,0.7586206896551724,0.4482758620689655,,0.3793103448275862,0.2413793103448276,0.1724137931034483,0.4827586206896552,56,30,186.66666666666663,1919-09,False,1919,1917,4.155308267044035
1919-10,37.0,37.0,0.027027027027027,0.4864864864864865,0.5135135135135135,0.972972972972973,0.3243243243243243,9.6,0.2972972972972973,0.3783783783783784,0.054054054054054,0.5675675675675675,67,28,239.28571428571428,1919-10,False,1919,1917,56.77435588609168
1919-11,22.0,22.0,0.2727272727272727,0.3636363636363636,0.6363636363636364,0.7272727272727273,0.5,12.0,0.4090909090909091,0.3181818181818182,0.1818181818181818,0.5,63,29,217.24137931034485,1919-11,False,1919,1917,34.73002091072226
1919-12,37.0,35.0,0.2,0.4,0.6,0.8,0.4054054054054054,4.5,0.2432432432432432,0.4324324324324324,0.1351351351351351,0.4054054054054054,59,29,203.44827586206895,1919-12,False,1919,1917,20.93691746244636
1920-01,32.0,31.0,-0.1612903225806451,0.5806451612903226,0.4193548387096774,0.8387096774193549,0.40625,15.6,0.375,0.46875,0.0625,0.375,71,30,236.66666666666663,1920-01,True,1920,1920,45.24625473859189
1920-02,41.0,40.0,0.0,0.5,0.5,1.0,0.4634146341463415,10.428571428571429,0.3414634146341463,0.5121951219512195,0.048780487804878,0.3902439024390244,56,30,186.66666666666663,1920-02,True,1920,1920,-4.753745261408113
1920-03,41.0,39.0,0.3333333333333333,0.3333333333333333,0.6666666666666666,0.6666666666666667,0.4634146341463415,12.0,0.2195121951219512,0.2682926829268293,0.048780487804878,0.6097560975609756,74,30,246.66666666666663,1920-03,True,1920,1920,55.24625473859189
1920-04,26.0,23.0,0.0434782608695652,0.4782608695652174,0.5217391304347826,0.9565217391304348,0.3461538461538461,8.0,0.3846153846153846,0.3076923076923077,0.1153846153846153,0.5384615384615384,44,30,146.66666666666666,1920-04,True,1920,1920,-44.753745261408085
1920-05,30.0,30.0,-0.0666666666666666,0.5333333333333333,0.4666666666666667,0.9333333333333332,0.4333333333333333,12.0,0.4666666666666667,0.4,0.1333333333333333,0.4666666666666667,45,30,150.0,1920-05,True,1920,1920,-41.42041192807474
1920-06,34.0,31.0,0.0967741935483871,0.4516129032258064,0.5483870967741935,0.9032258064516128,0.5882352941176471,11.0,0.2352941176470588,0.2058823529411764,0.0294117647058823,0.7647058823529411,54,30,180.0,1920-06,True,1920,1920,-11.420411928074742
1920-07,32.0,32.0,0.4375,0.28125,0.71875,0.5625,0.28125,12.0,0.25,0.34375,0.0625,0.5625,64,30,213.33333333333337,1920-07,True,1920,1920,21.91292140525863
1920-08,34.0,34.0,0.0,0.5,0.5,1.0,0.4705882352941176,8.0,0.6176470588235294,0.6176470588235294,0.1470588235294117,0.2058823529411764,62,28,221.42857142857144,1920-08,True,1920,1920,30.008159500496703
1920-09,29.0,28.0,0.3571428571428571,0.3214285714285714,0.6785714285714286,0.6428571428571428,0.3103448275862069,6.0,0.4482758620689655,0.4137931034482758,0.1724137931034483,0.3793103448275862,70,30,233.33333333333337,1920-09,True,1920,1920,41.91292140525863
1920-10,25.0,25.0,0.28,0.36,0.64,0.72,0.48,12.0,0.24,0.12,0.16,0.6,46,30,153.33333333333334,1920-10,True,1920,1920,-38.0870785947414
1920-11,28.0,28.0,0.5714285714285714,0.2142857142857142,0.7857142857142857,0.4285714285714286,0.2857142857142857,10.5,0.5,0.5357142857142857,0.0714285714285714,0.3571428571428571,52,30,173.33333333333334,1920-11,True,1920,1920,-18.0870785947414
1920-12,58.0,56.0,0.5357142857142857,0.2321428571428571,0.7678571428571429,0.4642857142857143,0.2758620689655172,8.9375,0.3793103448275862,0.4137931034482758,0.0862068965517241,0.4827586206896552,76,29,262.0689655172414,1920-12,True,1920,1920,70.64855358916665
1921-01,36.0,33.0,0.5757575757575758,0.2121212121212121,0.7878787878787878,0.4242424242424242,0.3611111111111111,4.75,0.5277777777777778,0.5,0.0833333333333333,0.4166666666666667,60,30,200.0,1921-01,True,1921,1920,8.579588071925258
1921-02,24.0,23.0,0.3043478260869565,0.3478260869565217,0.6521739130434783,0.6956521739130435,0.5416666666666666,6.0,0.3333333333333333,0.2916666666666667,0.125,0.5416666666666666,41,30,136.66666666666666,1921-02,True,1921,1920,-54.753745261408085
1921-03,28.0,27.0,0.1111111111111111,0.4444444444444444,0.5555555555555556,0.8888888888888888,0.3214285714285714,9.0,0.3214285714285714,0.1785714285714285,0.2857142857142857,0.5,50,29,172.41379310344828,1921-03,True,1921,1920,-19.006618824626457
1921-04,25.0,25.0,0.52,0.24,0.76,0.48,0.2,7.75,0.52,0.32,0.2,0.44,61,29,210.3448275862069,1921-04,True,1921,1920,18.924415658132148
1921-05,26.0,23.0,0.6521739130434783,0.1739130434782608,0.8260869565217391,0.3478260869565217,0.1923076923076923,9.0,0.6153846153846154,0.4615384615384615,0.1923076923076923,0.3076923076923077,60,30,200.0,1921-05,True,1921,1920,8.579588071925258
1921-06,39.0,36.0,0.3333333333333333,0.3333333333333333,0.6666666666666666,0.6666666666666667,0.4871794871794871,8.0,0.3846153846153846,0.1538461538461538,0.3333333333333333,0.4871794871794871,62,30,206.66666666666663,1921-06,True,1921,1920,15.246254738591887
1921-07,35.0,35.0,0.1428571428571428,0.4285714285714285,0.5714285714285714,0.8571428571428572,0.4571428571428571,6.0,0.4,0.2,0.2857142857142857,0.4857142857142857,50,30,166.66666666666666,1921-07,True,1921,1920,-24.753745261408085
1921-08,23.0,23.0,0.6521739130434783,0.1739130434782608,0.8260869565217391,0.3478260869565217,0.391304347826087,,0.3043478260869565,0.4347826086956521,0.0434782608695652,0.5217391304347826,47,30,156.66666666666666,1921-08,False,1921,1920,-34.753745261408085
1921-09,21.0,21.0,0.8095238095238095,0.0952380952380952,0.9047619047619048,0.1904761904761904,0.3333333333333333,8.0,0.3333333333333333,0.2857142857142857,0.0952380952380952,0.5714285714285714,50,30,166.66666666666666,1921-09,False,1921,1920,-24.753745261408085
1921-10,16.0,15.0,0.4666666666666667,0.2666666666666666,0.7333333333333333,0.5333333333333333,0.25,12.0,0.375,0.375,0.1875,0.4375,32,30,106.66666666666669,1921-10,False,1921,1920,-84.75374526140806
1921-11,18.0,18.0,0.7777777777777778,0.1111111111111111,0.8888888888888888,0.2222222222222222,0.2222222222222222,10.5,0.4444444444444444,0.4444444444444444,0.0,0.2777777777777778,45,29,155.17241379310346,1921-11,False,1921,1920,-36.24799813497128
1921-12,35.0,35.0,0.8857142857142857,0.0571428571428571,0.9428571428571428,0.1142857142857143,0.1714285714285714,11.2,0.5428571428571428,0.4857142857142857,0.1142857142857142,0.3714285714285714,79,30,263.3333333333333,1921-12,False,1921,1920,71.91292140525857
1922-01,43.0,43.0,0.5813953488372093,0.2093023255813953,0.7906976744186046,0.4186046511627906,0.3255813953488372,11.6,0.6744186046511628,0.6046511627906976,0.1627906976744186,0.2325581395348837,77,30,256.6666666666667,1922-01,False,1922,1920,65.24625473859194
1922-02,38.0,37.0,0.6756756756756757,0.1621621621621621,0.8378378378378378,0.3243243243243243,0.3684210526315789,9.0,0.3684210526315789,0.2631578947368421,0.1842105263157894,0.5263157894736842,49,30,163.33333333333334,1922-02,False,1922,1920,-28.0870785947414
1922-03,38.0,37.0,0.6216216216216216,0.1891891891891892,0.8108108108108109,0.3783783783783784,0.3421052631578947,12.0,0.6052631578947368,0.6052631578947368,0.0789473684210526,0.2368421052631578,64,30,213.33333333333337,1922-03,False,1922,1920,21.91292140525863
1922-04,20.0,19.0,1.0,0.0,1.0,0.0,0.3,12.0,0.6,0.45,0.2,0.25,47,30,156.66666666666666,1922-04,False,1922,1920,-34.753745261408085
1922-05,20.0,20.0,0.7,0.15,0.85,0.3,0.4,10.8,0.55,0.55,0.05,0.3,60,30,200.0,1922-05,False,1922,1920,8.579588071925258
1922-06,34.0,32.0,0.8125,0.09375,0.90625,0.1875,0.5588235294117647,8.4,0.3529411764705882,0.3235294117647059,0.088235294117647,0.4705882352941176,72,30,240.0,1922-06,False,1922,1920,48.57958807192526
1922-07,33.0,33.0,0.6363636363636364,0.1818181818181818,0.8181818181818182,0.3636363636363636,0.4242424242424242,3.5,0.6060606060606061,0.6060606060606061,0.0303030303030303,0.3333333333333333,65,27,240.74074074074073,1922-07,False,1922,1920,49.32032881266599
1922-08,26.0,26.0,0.6923076923076923,0.1538461538461538,0.8461538461538461,0.3076923076923077,0.3461538461538461,4.0,0.5384615384615384,0.5384615384615384,0.1153846153846153,0.3461538461538461,57,30,190.0,1922-08,False,1922,1920,-1.420411928074742
1922-09,29.0,29.0,0.6551724137931034,0.1724137931034483,0.8275862068965517,0.3448275862068966,0.3793103448275862,10.8,0.4827586206896552,0.3448275862068966,0.1379310344827586,0.5172413793103449,52,30,173.33333333333334,1922-09,False,1922,1920,-18.0870785947414
1922-10,33.0,32.0,0.875,0.0625,0.9375,0.125,0.4848484848484848,8.0,0.3939393939393939,0.6363636363636364,0.0909090909090909,0.2121212121212121,47,29,162.06896551724137,1922-10,False,1922,1920,-29.351446410833375
1922-11,18.0,18.0,0.8888888888888888,0.0555555555555555,0.9444444444444444,0.1111111111111111,0.3888888888888889,6.0,0.4444444444444444,0.3888888888888889,0.0555555555555555,0.5555555555555556,43,30,143.33333333333334,1922-11,False,1922,1920,-48.0870785947414
1922-12,36.0,35.0,0.8285714285714286,0.0857142857142857,0.9142857142857144,0.1714285714285713,0.5277777777777778,10.125,0.4722222222222222,0.3888888888888889,0.1944444444444444,0.4166666666666667,60,29,206.8965517241379,1922-12,False,1922,1920,15.476139796063165
1923-01,33.0,32.0,0.1875,0.40625,0.59375,0.8125,0.3939393939393939,12.0,0.5454545454545454,0.3939393939393939,0.2121212121212121,0.3939393939393939,79,29,272.41379310344826,1923-01,False,1923,1923,68.78236432929918
1923-02,46.0,45.0,0.7777777777777778,0.1111111111111111,0.8888888888888888,0.2222222222222222,0.3478260869565217,11.625,0.391304347826087,0.2391304347826087,0.1739130434782608,0.5217391304347826,83,29,286.2068965517241,1923-02,False,1923,1923,82.57546777757506
1923-03,30.0,28.0,0.2142857142857142,0.3928571428571428,0.6071428571428571,0.7857142857142857,0.4,6.0,0.5,0.5,0.1666666666666666,0.3333333333333333,59,30,196.66666666666663,1923-03,False,1923,1923,-6.964762107482443
1923-04,24.0,23.0,0.217391304347826,0.391304347826087,0.6086956521739131,0.782608695652174,0.375,12.0,0.3333333333333333,0.4583333333333333,0.1666666666666666,0.3333333333333333,54,30,180.0,1923-04,False,1923,1923,-23.63142877414907
1923-05,37.0,36.0,0.3333333333333333,0.3333333333333333,0.6666666666666666,0.6666666666666667,0.3513513513513513,10.8,0.5135135135135135,0.4594594594594595,0.2432432432432432,0.2702702702702703,58,29,200.0,1923-05,True,1923,1923,-3.6314287741490716
1923-06,21.0,21.0,0.7142857142857143,0.1428571428571428,0.8571428571428571,0.2857142857142857,0.238095238095238,6.0,0.5238095238095238,0.4761904761904761,0.0952380952380952,0.4285714285714285,44,29,151.72413793103448,1923-06,True,1923,1923,-51.907290843114595
1923-07,38.0,37.0,0.5135135135135135,0.2432432432432432,0.7567567567567568,0.4864864864864865,0.3947368421052631,9.75,0.5789473684210527,0.5789473684210527,0.0263157894736842,0.3421052631578947,72,29,248.27586206896552,1923-07,True,1923,1923,44.64443329481645
1923-08,31.0,29.0,0.8620689655172413,0.0689655172413793,0.9310344827586208,0.1379310344827586,0.1935483870967742,6.0,0.4838709677419355,0.4838709677419355,0.0,0.4516129032258064,64,30,213.33333333333337,1923-08,True,1923,1923,9.7019045591843
1923-09,12.0,12.0,0.6666666666666666,0.1666666666666666,0.8333333333333334,0.3333333333333333,0.1666666666666666,12.0,0.4166666666666667,0.4166666666666667,0.0,0.5,57,29,196.55172413793105,1923-09,True,1923,1923,-7.079704636218025
1923-10,34.0,33.0,0.4545454545454545,0.2727272727272727,0.7272727272727273,0.5454545454545454,0.5,10.8,0.4117647058823529,0.4705882352941176,0.1470588235294117,0.3235294117647059,72,29,248.27586206896552,1923-10,True,1923,1923,44.64443329481645
1923-11,16.0,15.0,0.6,0.2,0.8,0.4,0.375,10.333333333333334,0.4375,0.4375,0.0,0.5625,46,25,184.0,1923-11,True,1923,1923,-19.63142877414907
1923-12,49.0,47.0,0.7872340425531915,0.1063829787234042,0.8936170212765957,0.2127659574468084,0.2857142857142857,11.428571428571429,0.3469387755102041,0.5918367346938775,0.1020408163265306,0.2653061224489796,92,29,317.2413793103448,1923-12,True,1923,1923,113.60995053619575
1924-01,26.0,25.0,0.6,0.2,0.8,0.4,0.3461538461538461,9.375,0.3846153846153846,0.5,0.0384615384615384,0.3846153846153846,48,26,184.6153846153846,1924-01,True,1924,1923,-19.01604415876446
1924-02,30.0,30.0,0.6,0.2,0.8,0.4,0.3666666666666666,10.666666666666666,0.4333333333333333,0.5,0.0666666666666666,0.3666666666666666,82,28,292.85714285714283,1924-02,True,1924,1923,89.22571408299376
1924-03,22.0,20.0,0.6,0.2,0.8,0.4,0.3181818181818182,9.0,0.5909090909090909,0.5454545454545454,0.0454545454545454,0.3636363636363636,43,25,172.0,1924-03,True,1924,1923,-31.63142877414907
1924-04,15.0,14.0,0.5714285714285714,0.2142857142857142,0.7857142857142857,0.4285714285714286,0.2,,0.6,0.6,0.0,0.4,41,30,136.66666666666666,1924-04,True,1924,1923,-66.96476210748241
1924-05,27.0,26.0,0.7692307692307693,0.1153846153846153,0.8846153846153846,0.2307692307692307,0.4444444444444444,7.75,0.2592592592592592,0.1481481481481481,0.1851851851851851,0.6296296296296297,49,26,188.46153846153845,1924-05,True,1924,1923,-15.169890312610619
1924-06,26.0,25.0,0.2,0.4,0.6,0.8,0.3846153846153846,10.0,0.3846153846153846,0.5,0.1923076923076923,0.2692307692307692,36,24,150.0,1924-06,True,1924,1923,-53.63142877414907
1924-07,22.0,22.0,0.6363636363636364,0.1818181818181818,0.8181818181818182,0.3636363636363636,0.3636363636363636,10.8,0.5,0.6363636363636364,0.0,0.3636363636363636,43,25,172.0,1924-07,True,1924,1923,-31.63142877414907
1924-08,24.0,23.0,0.7391304347826086,0.1304347826086956,0.8695652173913043,0.2608695652173913,0.375,18.0,0.4583333333333333,0.5416666666666666,0.0,0.375,45,28,160.71428571428572,1924-08,False,1924,1923,-42.91714305986335
1924-09,12.0,12.0,0.8333333333333334,0.0833333333333333,0.9166666666666666,0.1666666666666666,0.25,9.0,0.4166666666666667,0.5833333333333334,0.0,0.3333333333333333,39,27,144.44444444444446,1924-09,False,1924,1923,-59.186984329704615
1924-10,10.0,10.0,0.6,0.2,0.8,0.4,0.3,6.0,0.4,0.6,0.1,0.3,34,26,130.76923076923077,1924-10,False,1924,1923,-72.8621980049183
1924-11,25.0,25.0,0.84,0.08,0.92,0.16,0.44,11.142857142857142,0.6,0.84,0.04,0.12,56,24,233.33333333333337,1924-11,False,1924,1923,29.7019045591843
1924-12,27.0,26.0,0.6923076923076923,0.1538461538461538,0.8461538461538461,0.3076923076923077,0.5185185185185185,9.4,0.3703703703703703,0.4444444444444444,0.1481481481481481,0.4074074074074074,52,25,208.0,1924-12,False,1924,1923,4.368571225850928
1925-01,36.0,35.0,0.6,0.2,0.8,0.4,0.25,10.3,0.3888888888888889,0.6666666666666666,0.0555555555555555,0.25,65,28,232.1428571428571,1925-01,False,1925,1923,28.51142836870804
1925-02,37.0,36.0,0.6666666666666666,0.1666666666666666,0.8333333333333334,0.3333333333333333,0.3243243243243243,9.6,0.4594594594594595,0.5135135135135135,0.1081081081081081,0.3513513513513513,77,29,265.51724137931035,1925-02,False,1925,1923,61.88581260516128
1925-03,32.0,31.0,0.6774193548387096,0.1612903225806451,0.8387096774193549,0.3225806451612903,0.5,11.4,0.4375,0.34375,0.125,0.46875,59,30,196.66666666666663,1925-03,False,1925,1923,-6.964762107482443
1925-04,34.0,33.0,0.6363636363636364,0.1818181818181818,0.8181818181818182,0.3636363636363636,0.3823529411764705,7.75,0.3235294117647059,0.4705882352941176,0.088235294117647,0.4411764705882353,57,28,203.57142857142856,1925-04,False,1925,1923,-0.06000020272051643
1925-05,20.0,19.0,0.6842105263157895,0.1578947368421052,0.8421052631578947,0.3157894736842105,0.3,9.0,0.5,0.45,0.15,0.4,34,27,125.92592592592592,1925-05,False,1925,1923,-77.70550284822315
1925-06,24.0,21.0,0.5238095238095238,0.238095238095238,0.7619047619047619,0.4761904761904761,0.4166666666666667,12.0,0.3333333333333333,0.5,0.0416666666666666,0.375,49,25,196.0,1925-06,False,1925,1923,-7.631428774149072
1925-07,35.0,31.0,0.8064516129032258,0.0967741935483871,0.9032258064516128,0.1935483870967742,0.2285714285714285,7.714285714285714,0.6857142857142857,0.6285714285714286,0.1714285714285714,0.1428571428571428,72,29,248.27586206896552,1925-07,False,1925,1923,44.64443329481645
1925-08,28.0,27.0,0.7037037037037037,0.1481481481481481,0.8518518518518519,0.2962962962962963,0.2142857142857142,10.5,0.6071428571428571,0.8214285714285714,0.1071428571428571,0.0357142857142857,55,26,211.53846153846155,1925-08,False,1925,1923,7.907032764312476
1925-09,19.0,19.0,0.5789473684210527,0.2105263157894736,0.7894736842105263,0.4210526315789473,0.5789473684210527,10.8,0.1578947368421052,0.2105263157894736,0.0526315789473684,0.7368421052631579,61,27,225.92592592592592,1925-09,False,1925,1923,22.294497151776852
1925-10,20.0,20.0,0.8,0.1,0.9,0.1999999999999999,0.15,12.0,0.65,0.45,0.3,0.25,45,25,180.0,1925-10,False,1925,1923,-23.63142877414907
1925-11,20.0,20.0,0.5,0.25,0.75,0.5,0.25,10.333333333333334,0.35,0.3,0.15,0.45,48,26,184.6153846153846,1925-11,False,1925,1923,-19.01604415876446
1925-12,18.0,18.0,0.5555555555555556,0.2222222222222222,0.7777777777777778,0.4444444444444444,0.3333333333333333,10.0,0.7222222222222222,0.6111111111111112,0.1111111111111111,0.2222222222222222,48,25,192.0,1925-12,False,1925,1923,-11.631428774149072
1926-01,34.0,34.0,0.7058823529411765,0.1470588235294117,0.8529411764705882,0.2941176470588235,0.2941176470588235,12.0,0.5294117647058824,0.5588235294117647,0.1176470588235294,0.2941176470588235,84,30,280.0,1926-01,False,1926,1926,75.47559275578598
1926-02,22.0,21.0,0.8095238095238095,0.0952380952380952,0.9047619047619048,0.1904761904761904,0.4090909090909091,6.0,0.1818181818181818,0.1818181818181818,0.1818181818181818,0.5909090909090909,37,24,154.16666666666666,1926-02,False,1926,1926,-50.35774057754736
1926-03,23.0,21.0,0.5238095238095238,0.238095238095238,0.7619047619047619,0.4761904761904761,0.5217391304347826,12.0,0.4347826086956521,0.6956521739130435,0.0434782608695652,0.2608695652173913,41,27,151.85185185185185,1926-03,False,1926,1926,-52.67255539236217
1926-04,26.0,26.0,0.6923076923076923,0.1538461538461538,0.8461538461538461,0.3076923076923077,0.4230769230769231,10.0,0.4230769230769231,0.3846153846153846,0.0,0.5384615384615384,44,28,157.14285714285714,1926-04,False,1926,1926,-47.38155010135688
1926-05,29.0,29.0,0.3103448275862069,0.3448275862068966,0.6551724137931034,0.6896551724137931,0.3793103448275862,9.428571428571429,0.2413793103448276,0.2758620689655172,0.1034482758620689,0.5862068965517241,54,23,234.7826086956522,1926-05,False,1926,1926,30.25820145143817
1926-06,36.0,35.0,0.6571428571428571,0.1714285714285714,0.8285714285714286,0.3428571428571428,0.4722222222222222,11.333333333333334,0.3611111111111111,0.25,0.3888888888888889,0.3611111111111111,57,28,203.57142857142856,1926-06,False,1926,1926,-0.9529786727854628
1926-07,20.0,18.0,0.4444444444444444,0.2777777777777778,0.7222222222222222,0.5555555555555556,0.35,6.0,0.55,0.35,0.35,0.3,52,25,208.0,1926-07,False,1926,1926,3.475592755785982
1926-08,30.0,29.0,0.3793103448275862,0.3103448275862069,0.6896551724137931,0.6206896551724138,0.2333333333333333,9.0,0.6,0.5666666666666667,0.2,0.2333333333333333,49,28,175.0,1926-08,False,1926,1926,-29.524407244214018
1926-09,28.0,26.0,0.7692307692307693,0.1153846153846153,0.8846153846153846,0.2307692307692307,0.4285714285714285,4.142857142857143,0.6428571428571429,0.6428571428571429,0.0714285714285714,0.2857142857142857,61,25,244.0,1926-09,False,1926,1926,39.47559275578598
1926-10,18.0,18.0,0.1111111111111111,0.4444444444444444,0.5555555555555556,0.8888888888888888,0.3333333333333333,12.0,0.5,0.5555555555555556,0.0,0.1666666666666666,49,27,181.4814814814815,1926-10,True,1926,1926,-23.042925762732523
1926-11,40.0,38.0,0.3684210526315789,0.3157894736842105,0.6842105263157895,0.631578947368421,0.425,13.2,0.225,0.375,0.1,0.475,78,27,288.8888888888889,1926-11,True,1926,1926,84.3644816446749
1926-12,41.0,38.0,0.7368421052631579,0.131578947368421,0.868421052631579,0.2631578947368421,0.1951219512195122,11.142857142857142,0.5121951219512195,0.5609756097560976,0.073170731707317,0.3658536585365853,94,28,335.7142857142857,1926-12,True,1926,1926,131.1898784700717
1927-01,20.0,20.0,0.6,0.2,0.8,0.4,0.3,10.5,0.7,0.5,0.35,0.15,67,27,248.14814814814815,1927-01,True,1927,1926,43.623740903934134
1927-02,26.0,23.0,0.5652173913043478,0.217391304347826,0.782608695652174,0.4347826086956522,0.5,9.0,0.6538461538461539,0.5384615384615384,0.0769230769230769,0.3076923076923077,61,23,265.2173913043478,1927-02,True,1927,1926,60.692984060133796
1927-03,24.0,21.0,0.9047619047619048,0.0476190476190476,0.9523809523809524,0.0952380952380952,0.3333333333333333,10.0,0.4166666666666667,0.4166666666666667,0.25,0.2916666666666667,51,25,204.0,1927-03,True,1927,1926,-0.524407244214018
1927-04,25.0,25.0,0.76,0.12,0.88,0.24,0.2,10.363636363636363,0.72,0.6,0.16,0.2,64,26,246.15384615384616,1927-04,True,1927,1926,41.62943890963214
1927-05,24.0,23.0,0.6521739130434783,0.1739130434782608,0.8260869565217391,0.3478260869565217,0.25,12.0,0.375,0.25,0.0833333333333333,0.6666666666666666,52,27,192.59259259259255,1927-05,True,1927,1926,-11.931814651621465
1927-06,14.0,14.0,0.5714285714285714,0.2142857142857142,0.7857142857142857,0.4285714285714286,0.2142857142857142,6.0,0.0714285714285714,0.2857142857142857,0.0714285714285714,0.4285714285714285,47,26,180.76923076923077,1927-06,True,1927,1926,-23.755176474983244
1927-07,16.0,16.0,0.75,0.125,0.875,0.25,0.25,8.0,0.4375,0.625,0.0625,0.1875,39,27,144.44444444444446,1927-07,True,1927,1926,-60.07996279976956
1927-08,21.0,19.0,0.5789473684210527,0.2105263157894736,0.7894736842105263,0.4210526315789473,0.3809523809523809,6.0,0.4285714285714285,0.3809523809523809,0.0476190476190476,0.5714285714285714,34,26,130.76923076923077,1927-08,True,1927,1926,-73.75517647498324
1927-09,21.0,21.0,0.6190476190476191,0.1904761904761904,0.8095238095238095,0.3809523809523809,0.5714285714285714,8.0,0.3333333333333333,0.3809523809523809,0.0476190476190476,0.5714285714285714,48,26,184.6153846153846,1927-09,True,1927,1926,-19.909022628829405
1927-10,37.0,36.0,0.4444444444444444,0.2777777777777778,0.7222222222222222,0.5555555555555556,0.3783783783783784,10.5,0.7027027027027027,0.5135135135135135,0.2162162162162162,0.2432432432432432,58,24,241.66666666666663,1927-10,True,1927,1926,37.14225942245261
1927-11,21.0,20.0,0.8,0.1,0.9,0.1999999999999999,0.1904761904761904,12.0,0.7619047619047619,0.4761904761904761,0.2857142857142857,0.238095238095238,42,24,175.0,1927-11,True,1927,1926,-29.524407244214018
1927-12,31.0,31.0,0.7419354838709677,0.1290322580645161,0.8709677419354839,0.2580645161290322,0.2903225806451613,11.454545454545457,0.7419354838709677,0.6451612903225806,0.064516129032258,0.2258064516129032,52,26,200.0,1927-12,False,1927,1926,-4.524407244214018
1928-01,37.0,36.0,0.8333333333333334,0.0833333333333333,0.9166666666666666,0.1666666666666666,0.1351351351351351,12.0,0.5945945945945946,0.6216216216216216,0.081081081081081,0.2972972972972973,68,25,272.0,1928-01,False,1928,1926,67.47559275578598
1928-02,31.0,28.0,0.3571428571428571,0.3214285714285714,0.6785714285714286,0.6428571428571428,0.4193548387096774,9.75,0.3870967741935484,0.6451612903225806,0.0967741935483871,0.2580645161290322,52,25,208.0,1928-02,False,1928,1926,3.475592755785982
1928-03,14.0,14.0,0.7142857142857143,0.1428571428571428,0.8571428571428571,0.2857142857142857,0.5,6.0,0.5714285714285714,0.5714285714285714,0.2142857142857142,0.0714285714285714,35,23,152.17391304347825,1928-03,False,1928,1926,-52.35049420073577
1928-04,17.0,14.0,0.4285714285714285,0.2857142857142857,0.7142857142857143,0.5714285714285714,0.2352941176470588,12.0,0.5294117647058824,0.2941176470588235,0.1764705882352941,0.5294117647058824,29,21,138.0952380952381,1928-04,False,1928,1926,-66.42916914897592
1928-05,9.0,9.0,0.5555555555555556,0.2222222222222222,0.7777777777777778,0.4444444444444444,0.3333333333333333,6.0,0.5555555555555556,0.4444444444444444,0.1111111111111111,0.4444444444444444,28,25,112.0,1928-05,False,1928,1926,-92.52440724421402
1928-06,32.0,31.0,0.2258064516129032,0.3870967741935484,0.6129032258064516,0.7741935483870968,0.4375,6.428571428571429,0.53125,0.53125,0.3125,0.15625,42,20,210.0,1928-06,False,1928,1926,5.475592755785982
1928-07,26.0,24.0,0.5833333333333334,0.2083333333333333,0.7916666666666666,0.4166666666666666,0.4230769230769231,4.714285714285714,0.0384615384615384,0.0769230769230769,0.0769230769230769,0.8461538461538461,47,25,188.0,1928-07,False,1928,1926,-16.524407244214018
1928-08,20.0,19.0,-0.1578947368421052,0.5789473684210527,0.4210526315789473,0.8421052631578947,0.35,9.0,0.5,0.45,0.05,0.4,44,21,209.52380952380952,1928-08,False,1928,1926,4.9994022795955
1928-09,33.0,33.0,0.696969696969697,0.1515151515151515,0.8484848484848485,0.303030303030303,0.3636363636363636,7.714285714285714,0.6666666666666666,0.6060606060606061,0.0909090909090909,0.303030303030303,47,24,195.83333333333337,1928-09,False,1928,1926,-8.691073910880647
1928-10,31.0,31.0,0.6774193548387096,0.1612903225806451,0.8387096774193549,0.3225806451612903,0.3548387096774194,9.0,0.6451612903225806,0.6774193548387096,0.0967741935483871,0.1935483870967742,42,23,182.6086956521739,1928-10,False,1928,1926,-21.91571159204011
1928-11,29.0,29.0,0.1724137931034483,0.4137931034482758,0.5862068965517241,0.8275862068965517,0.3448275862068966,12.25,0.8275862068965517,0.7241379310344828,0.1379310344827586,0.1379310344827586,50,25,200.0,1928-11,False,1928,1926,-4.524407244214018
1928-12,39.0,39.0,0.6923076923076923,0.1538461538461538,0.8461538461538461,0.3076923076923077,0.3333333333333333,10.571428571428571,0.4102564102564102,0.4102564102564102,0.0769230769230769,0.4615384615384615,72,27,266.6666666666667,1928-12,False,1928,1926,62.14225942245267
1929-01,17.0,16.0,0.5,0.25,0.75,0.5,0.4117647058823529,11.142857142857142,0.4705882352941176,0.5882352941176471,0.0588235294117647,0.3529411764705882,45,24,187.5,1929-01,False,1929,1929,-44.241737466015024
1929-02,18.0,18.0,-0.1111111111111111,0.5555555555555556,0.4444444444444444,0.8888888888888888,0.4444444444444444,9.0,0.3333333333333333,0.3333333333333333,0.2222222222222222,0.4444444444444444,32,21,152.38095238095238,1929-02,False,1929,1929,-79.36078508506264
1929-03,21.0,21.0,0.4285714285714285,0.2857142857142857,0.7142857142857143,0.5714285714285714,0.3333333333333333,7.0,0.4761904761904761,0.6190476190476191,0.0952380952380952,0.2857142857142857,40,25,160.0,1929-03,False,1929,1929,-71.74173746601502
1929-04,20.0,20.0,0.2,0.4,0.6,0.8,0.55,12.0,0.4,0.3,0.2,0.5,39,24,162.5,1929-04,False,1929,1929,-69.24173746601502
1929-05,17.0,17.0,0.2941176470588235,0.3529411764705882,0.6470588235294118,0.7058823529411764,0.4117647058823529,6.0,0.4117647058823529,0.3529411764705882,0.1176470588235294,0.4117647058823529,37,25,148.0,1929-05,False,1929,1929,-83.74173746601502
1929-06,18.0,17.0,0.5294117647058824,0.2352941176470588,0.7647058823529411,0.4705882352941176,0.6111111111111112,9.0,0.4444444444444444,0.4444444444444444,0.1666666666666666,0.3888888888888889,44,21,209.52380952380952,1929-06,False,1929,1929,-22.217927942205506
1929-07,16.0,15.0,0.8666666666666667,0.0666666666666666,0.9333333333333332,0.1333333333333333,0.6875,3.5,0.5,0.5,0.125,0.375,44,17,258.8235294117647,1929-07,False,1929,1929,27.08179194574967
1929-08,22.0,22.0,0.7272727272727273,0.1363636363636363,0.8636363636363636,0.2727272727272727,0.5454545454545454,6.333333333333333,0.2727272727272727,0.3181818181818182,0.0,0.6818181818181818,60,23,260.8695652173913,1929-08,True,1929,1929,29.127827751376287
1929-09,43.0,42.0,0.2857142857142857,0.3571428571428571,0.6428571428571429,0.7142857142857143,0.2558139534883721,9.307692307692308,0.4651162790697674,0.3953488372093023,0.0930232558139534,0.5116279069767442,67,21,319.04761904761904,1929-09,True,1929,1929,87.30588158160401
1929-10,36.0,36.0,0.7222222222222222,0.1388888888888889,0.8611111111111112,0.2777777777777778,0.4722222222222222,10.5,0.5,0.4166666666666667,0.3333333333333333,0.25,50,22,227.27272727272728,1929-10,True,1929,1929,-4.469010193287744
1929-11,39.0,37.0,0.5675675675675675,0.2162162162162162,0.7837837837837838,0.4324324324324324,0.3333333333333333,10.5,0.5128205128205128,0.3846153846153846,0.1282051282051282,0.4871794871794871,64,25,256.0,1929-11,True,1929,1929,24.258262533984976
1929-12,42.0,42.0,0.5238095238095238,0.238095238095238,0.7619047619047619,0.4761904761904761,0.6190476190476191,10.5,0.4285714285714285,0.4285714285714285,0.0952380952380952,0.4047619047619047,77,29,265.51724137931035,1929-12,True,1929,1929,33.775503913295324
1930-01,50.0,48.0,0.5833333333333334,0.2083333333333333,0.7916666666666666,0.4166666666666666,0.32,10.5,0.66,0.48,0.22,0.28,75,29,258.62068965517244,1930-01,True,1930,1929,26.878952189157417
1930-02,37.0,36.0,0.3333333333333333,0.3333333333333333,0.6666666666666666,0.6666666666666667,0.1891891891891892,8.166666666666666,0.5405405405405406,0.3513513513513513,0.1891891891891892,0.4594594594594595,57,24,237.5,1930-02,True,1930,1929,5.758262533984976
1930-03,31.0,30.0,0.5333333333333333,0.2333333333333333,0.7666666666666667,0.4666666666666667,0.4516129032258064,10.0,0.5806451612903226,0.3548387096774194,0.3870967741935484,0.2580645161290322,49,28,175.0,1930-03,True,1930,1929,-56.741737466015024
1930-04,18.0,17.0,0.6470588235294118,0.1764705882352941,0.8235294117647058,0.3529411764705882,0.3333333333333333,8.0,0.2777777777777778,0.3888888888888889,0.0555555555555555,0.5555555555555556,43,25,172.0,1930-04,True,1930,1929,-59.741737466015024
1930-05,38.0,36.0,0.6666666666666666,0.1666666666666666,0.8333333333333334,0.3333333333333333,0.5526315789473685,6.4,0.2368421052631578,0.4473684210526316,0.1578947368421052,0.3684210526315789,71,25,284.0,1930-05,True,1930,1929,52.258262533984976
1930-06,63.0,57.0,0.2631578947368421,0.3684210526315789,0.631578947368421,0.736842105263158,0.5873015873015873,9.409090909090908,0.4285714285714285,0.746031746031746,0.0476190476190476,0.1746031746031746,98,24,408.3333333333333,1930-06,True,1930,1929,176.5915958673183
1930-07,42.0,40.0,0.6,0.2,0.8,0.4,0.4285714285714285,6.25,0.6190476190476191,0.5476190476190477,0.119047619047619,0.3095238095238095,70,28,250.0,1930-07,True,1930,1929,18.258262533984976
1930-08,40.0,39.0,0.5897435897435898,0.2051282051282051,0.7948717948717948,0.4102564102564102,0.5,6.25,0.525,0.5,0.175,0.3,77,24,320.8333333333333,1930-08,True,1930,1929,89.09159586731829
1930-09,49.0,48.0,0.625,0.1875,0.8125,0.375,0.4285714285714285,9.266666666666667,0.4897959183673469,0.6122448979591837,0.0612244897959183,0.2448979591836734,70,24,291.6666666666667,1930-09,True,1930,1929,59.92492920065166
1930-10,28.0,28.0,0.7142857142857143,0.1428571428571428,0.8571428571428571,0.2857142857142857,0.5357142857142857,12.0,0.7142857142857143,0.7142857142857143,0.0,0.2857142857142857,54,24,225.0,1930-10,True,1930,1929,-6.741737466015024
1930-11,32.0,29.0,0.7241379310344828,0.1379310344827586,0.8620689655172413,0.2758620689655172,0.4375,8.8,0.4375,0.5625,0.09375,0.34375,67,25,268.0,1930-11,True,1930,1929,36.258262533984976
1930-12,33.0,33.0,0.5757575757575758,0.2121212121212121,0.7878787878787878,0.4242424242424242,0.4545454545454545,10.636363636363637,0.4848484848484848,0.5151515151515151,0.2727272727272727,0.2121212121212121,72,28,257.14285714285717,1930-12,True,1930,1929,25.401119676842143
1931-01,35.0,33.0,0.6363636363636364,0.1818181818181818,0.8181818181818182,0.3636363636363636,0.3714285714285714,12.0,0.5714285714285714,0.4571428571428571,0.2571428571428571,0.2857142857142857,65,25,260.0,1931-01,True,1931,1929,28.258262533984976
1931-02,37.0,34.0,0.4117647058823529,0.2941176470588235,0.7058823529411765,0.5882352941176471,0.3783783783783784,8.333333333333334,0.5405405405405406,0.5675675675675675,0.1081081081081081,0.2972972972972973,67,29,231.0344827586207,1931-02,True,1931,1929,-0.7072547073943269
1931-03,24.0,23.0,0.4782608695652174,0.2608695652173913,0.7391304347826086,0.5217391304347826,0.5416666666666666,9.0,0.4583333333333333,0.375,0.2916666666666667,0.2916666666666667,59,25,236.0,1931-03,True,1931,1929,4.258262533984976
1931-04,32.0,32.0,0.125,0.4375,0.5625,0.875,0.28125,10.5,0.5625,0.625,0.21875,0.15625,46,25,184.0,1931-04,True,1931,1929,-47.741737466015024
1931-05,26.0,26.0,0.6153846153846154,0.1923076923076923,0.8076923076923077,0.3846153846153846,0.3846153846153846,12.0,0.6153846153846154,0.5,0.2307692307692307,0.1538461538461538,41,27,151.85185185185185,1931-05,True,1931,1929,-79.88988561416318
1931-06,33.0,32.0,0.3125,0.34375,0.65625,0.6875,0.4545454545454545,9.333333333333334,0.6060606060606061,0.4545454545454545,0.1818181818181818,0.303030303030303,49,29,168.9655172413793,1931-06,True,1931,1929,-62.77622022463572
1931-07,44.0,43.0,0.5813953488372093,0.2093023255813953,0.7906976744186046,0.4186046511627906,0.4545454545454545,6.5,0.4545454545454545,0.4318181818181818,0.0681818181818181,0.5,70,27,259.25925925925924,1931-07,True,1931,1929,27.517521793244214
1931-08,42.0,41.0,0.4146341463414634,0.2926829268292683,0.7073170731707317,0.5853658536585367,0.7142857142857143,7.142857142857143,0.5476190476190477,0.6428571428571429,0.0476190476190476,0.2857142857142857,62,26,238.46153846153845,1931-08,True,1931,1929,6.719800995523428
1931-09,37.0,36.0,0.1666666666666666,0.4166666666666667,0.5833333333333334,0.8333333333333334,0.4324324324324324,9.75,0.3243243243243243,0.4324324324324324,0.2162162162162162,0.2972972972972973,65,26,250.0,1931-09,True,1931,1929,18.258262533984976
1931-10,28.0,28.0,0.7857142857142857,0.1071428571428571,0.8928571428571429,0.2142857142857143,0.5,10.5,0.4642857142857143,0.6071428571428571,0.1428571428571428,0.25,61,29,210.3448275862069,1931-10,True,1931,1929,-21.396909879808135
1931-11,26.0,25.0,0.76,0.12,0.88,0.24,0.3461538461538461,120.0,0.7307692307692307,0.7692307692307693,0.0,0.2307692307692307,55,26,211.53846153846155,1931-11,True,1931,1929,-20.203275927553477
1931-12,33.0,32.0,0.5,0.25,0.75,0.5,0.1818181818181818,12.0,0.7575757575757576,0.696969696969697,0.0909090909090909,0.2121212121212121,52,28,185.71428571428572,1931-12,True,1931,1929,-46.0274517517293
1932-01,30.0,29.0,0.5862068965517241,0.2068965517241379,0.7931034482758621,0.4137931034482759,0.5,11.25,0.6,0.4333333333333333,0.1,0.3333333333333333,48,28,171.42857142857142,1932-01,True,1932,1932,-6.5606902198190085
1932-02,19.0,19.0,0.7894736842105263,0.1052631578947368,0.8947368421052632,0.2105263157894736,0.4736842105263157,12.0,0.4210526315789473,0.5789473684210527,0.0526315789473684,0.2631578947368421,39,25,156.0,1932-02,True,1932,1932,-21.989261648390425
1932-03,25.0,25.0,0.52,0.24,0.76,0.48,0.28,5.0,0.4,0.44,0.04,0.52,48,30,160.0,1932-03,True,1932,1932,-17.989261648390425
1932-04,21.0,21.0,0.4285714285714285,0.2857142857142857,0.7142857142857143,0.5714285714285714,0.4285714285714285,6.5,0.7142857142857143,0.6190476190476191,0.238095238095238,0.1428571428571428,47,29,162.06896551724137,1932-04,True,1932,1932,-15.920296131149058
1932-05,17.0,17.0,0.4117647058823529,0.2941176470588235,0.7058823529411765,0.5882352941176471,0.5294117647058824,6.0,0.5882352941176471,0.6470588235294118,0.1176470588235294,0.2352941176470588,34,22,154.54545454545453,1932-05,True,1932,1932,-23.443807102935892
1932-06,16.0,15.0,0.6,0.2,0.8,0.4,0.375,6.0,0.75,0.625,0.3125,0.0625,26,29,89.65517241379311,1932-06,True,1932,1932,-88.33408923459731
1932-07,25.0,24.0,0.75,0.125,0.875,0.25,0.28,9.0,0.48,0.44,0.08,0.4,42,25,168.0,1932-07,True,1932,1932,-9.989261648390425
1932-08,24.0,24.0,0.5833333333333334,0.2083333333333333,0.7916666666666666,0.4166666666666666,0.4583333333333333,1.0,0.7916666666666666,0.7083333333333334,0.2083333333333333,0.0416666666666666,40,28,142.85714285714286,1932-08,True,1932,1932,-35.132118791247564
1932-09,19.0,19.0,0.3684210526315789,0.3157894736842105,0.6842105263157895,0.631578947368421,0.5789473684210527,9.0,0.5789473684210527,0.3684210526315789,0.4736842105263157,0.1578947368421052,29,28,103.57142857142856,1932-09,True,1932,1932,-74.41783307696187
1932-10,19.0,19.0,0.3684210526315789,0.3157894736842105,0.6842105263157895,0.631578947368421,0.2105263157894736,6.0,0.7368421052631579,0.7368421052631579,0.0526315789473684,0.2105263157894736,43,28,153.57142857142858,1932-10,True,1932,1932,-24.41783307696184
1932-11,44.0,44.0,0.4545454545454545,0.2727272727272727,0.7272727272727273,0.5454545454545454,0.4090909090909091,7.4,0.6363636363636364,0.5227272727272727,0.1136363636363636,0.2727272727272727,65,30,216.66666666666663,1932-11,True,1932,1932,38.677405018276204
1932-12,28.0,28.0,0.8571428571428571,0.0714285714285714,0.9285714285714286,0.1428571428571429,0.3214285714285714,8.4,0.6071428571428571,0.6428571428571429,0.0357142857142857,0.2857142857142857,55,28,196.42857142857144,1932-12,True,1932,1932,18.43930978018102
1933-01,30.0,29.0,0.5862068965517241,0.2068965517241379,0.7931034482758621,0.4137931034482759,0.3333333333333333,9.272727272727272,0.5,0.6,0.0666666666666666,0.3,57,23,247.82608695652175,1933-01,True,1933,1932,69.83682530813132
1933-02,14.0,13.0,0.6923076923076923,0.1538461538461538,0.8461538461538461,0.3076923076923077,0.1428571428571428,6.0,0.4285714285714285,0.4285714285714285,0.0,0.5714285714285714,34,24,141.66666666666666,1933-02,True,1933,1932,-36.32259498172377
1933-03,24.0,23.0,0.7391304347826086,0.1304347826086956,0.8695652173913043,0.2608695652173913,0.375,9.0,0.625,0.3333333333333333,0.2083333333333333,0.375,50,27,185.1851851851852,1933-03,True,1933,1932,7.195923536794766
1933-04,28.0,28.0,0.4285714285714285,0.2857142857142857,0.7142857142857143,0.5714285714285714,0.5,,0.2857142857142857,0.3214285714285714,0.0357142857142857,0.6071428571428571,45,24,187.5,1933-04,False,1933,1932,9.510738351609575
1933-05,26.0,26.0,0.7692307692307693,0.1153846153846153,0.8846153846153846,0.2307692307692307,0.1923076923076923,9.0,0.4615384615384615,0.3461538461538461,0.1538461538461538,0.5,39,24,162.5,1933-05,False,1933,1932,-15.489261648390425
1933-06,20.0,18.0,0.7777777777777778,0.1111111111111111,0.8888888888888888,0.2222222222222222,0.45,8.333333333333334,0.6,0.35,0.1,0.5,44,24,183.33333333333337,1933-06,False,1933,1932,5.344071684942946
1933-07,27.0,26.0,0.6923076923076923,0.1538461538461538,0.8461538461538461,0.3076923076923077,0.4814814814814814,6.0,0.6296296296296297,0.2222222222222222,0.4074074074074074,0.3703703703703703,55,24,229.16666666666663,1933-07,False,1933,1932,51.177405018276204
1933-08,22.0,22.0,0.7272727272727273,0.1363636363636363,0.8636363636363636,0.2727272727272727,0.5,,0.6363636363636364,0.5,0.1818181818181818,0.2272727272727272,44,25,176.0,1933-08,False,1933,1932,-1.9892616483904249
1933-09,15.0,15.0,0.2,0.4,0.6,0.8,0.3333333333333333,9.0,0.5333333333333333,0.3333333333333333,0.2,0.4666666666666667,38,26,146.15384615384616,1933-09,False,1933,1932,-31.835415494544264
1933-10,26.0,26.0,0.5384615384615384,0.2307692307692307,0.7692307692307693,0.4615384615384615,0.5,10.5,0.5384615384615384,0.5384615384615384,0.0769230769230769,0.3846153846153846,54,26,207.69230769230768,1933-10,False,1933,1932,29.703046043917254
1933-11,11.0,11.0,0.4545454545454545,0.2727272727272727,0.7272727272727273,0.5454545454545454,0.2727272727272727,,0.4545454545454545,0.4545454545454545,0.0909090909090909,0.3636363636363636,46,25,184.0,1933-11,False,1933,1932,6.010738351609575
1933-12,51.0,51.0,0.803921568627451,0.0980392156862745,0.9019607843137256,0.196078431372549,0.5490196078431373,10.5,0.392156862745098,0.4117647058823529,0.1176470588235294,0.4705882352941176,77,28,275.0,1933-12,False,1933,1932,97.01073835160958
1934-01,54.0,54.0,0.5925925925925926,0.2037037037037037,0.7962962962962963,0.4074074074074074,0.2407407407407407,9.0,0.5555555555555556,0.4074074074074074,0.2592592592592592,0.2592592592592592,78,26,300.0,1934-01,False,1934,1932,122.01073835160958
1934-02,33.0,33.0,0.696969696969697,0.1515151515151515,0.8484848484848485,0.303030303030303,0.5757575757575758,7.8,0.4545454545454545,0.6666666666666666,0.0909090909090909,0.2121212121212121,53,27,196.2962962962963,1934-02,False,1934,1932,18.30703464790588
1934-03,20.0,20.0,0.3,0.35,0.65,0.7,0.3,6.333333333333333,0.45,0.3,0.25,0.35,37,25,148.0,1934-03,False,1934,1932,-29.989261648390425
1934-04,22.0,22.0,0.5454545454545454,0.2272727272727272,0.7727272727272727,0.4545454545454546,0.3636363636363636,12.0,0.6363636363636364,0.6818181818181818,0.2727272727272727,0.0454545454545454,38,25,152.0,1934-04,False,1934,1932,-25.989261648390425
1934-05,15.0,13.0,0.0769230769230769,0.4615384615384615,0.5384615384615384,0.9230769230769232,0.4666666666666667,6.0,0.7333333333333333,0.4666666666666667,0.3333333333333333,0.2,24,24,100.0,1934-05,False,1934,1932,-77.98926164839042
1934-06,26.0,26.0,0.3846153846153846,0.3076923076923077,0.6923076923076923,0.6153846153846154,0.4615384615384615,13.625,0.4615384615384615,0.4615384615384615,0.0,0.5384615384615384,43,25,172.0,1934-06,False,1934,1932,-5.989261648390425
1934-07,26.0,26.0,0.5384615384615384,0.2307692307692307,0.7692307692307693,0.4615384615384615,0.3846153846153846,6.5,0.6923076923076923,0.4615384615384615,0.3076923076923077,0.1923076923076923,42,24,175.0,1934-07,False,1934,1932,-2.989261648390425
1934-08,14.0,14.0,0.2857142857142857,0.3571428571428571,0.6428571428571429,0.7142857142857143,0.2857142857142857,,0.4285714285714285,0.5,0.2142857142857142,0.2857142857142857,32,26,123.07692307692308,1934-08,False,1934,1932,-54.912338571467345
1934-09,27.0,25.0,0.12,0.44,0.56,0.88,0.4814814814814814,10.8,0.4074074074074074,0.4444444444444444,0.1111111111111111,0.4074074074074074,60,25,240.0,1934-09,False,1934,1932,62.010738351609575
1934-10,27.0,26.0,0.4615384615384615,0.2692307692307692,0.7307692307692307,0.5384615384615384,0.4814814814814814,9.0,0.6666666666666666,0.5185185185185185,0.2222222222222222,0.2222222222222222,51,24,212.5,1934-10,False,1934,1932,34.510738351609575
1934-11,27.0,26.0,0.7692307692307693,0.1153846153846153,0.8846153846153846,0.2307692307692307,0.1851851851851851,12.0,0.6666666666666666,0.5185185185185185,0.1481481481481481,0.3333333333333333,39,27,144.44444444444446,1934-11,False,1934,1932,-33.54481720394597
1934-12,40.0,36.0,0.6666666666666666,0.1666666666666666,0.8333333333333334,0.3333333333333333,0.35,10.55,0.7,0.725,0.15,0.1,56,23,243.4782608695652,1934-12,False,1934,1932,65.48899922117477
1935-01,37.0,36.0,0.5555555555555556,0.2222222222222222,0.7777777777777778,0.4444444444444444,0.3243243243243243,12.0,0.6216216216216216,0.4054054054054054,0.1621621621621621,0.4054054054054054,62,21,295.23809523809524,1935-01,False,1935,1935,78.2788284326513
1935-02,37.0,36.0,0.3888888888888889,0.3055555555555556,0.6944444444444444,0.6111111111111112,0.4324324324324324,12.0,0.6216216216216216,0.6486486486486487,0.1351351351351351,0.2162162162162162,58,25,232.0,1935-02,False,1935,1935,15.040733194556054
1935-03,29.0,28.0,0.3571428571428571,0.3214285714285714,0.6785714285714286,0.6428571428571428,0.2758620689655172,10.5,0.4137931034482758,0.4482758620689655,0.1034482758620689,0.4482758620689655,65,25,260.0,1935-03,False,1935,1935,43.040733194556054
1935-04,30.0,30.0,0.5333333333333333,0.2333333333333333,0.7666666666666667,0.4666666666666667,0.3333333333333333,9.6,0.6,0.3666666666666666,0.2666666666666666,0.3333333333333333,42,20,210.0,1935-04,False,1935,1935,-6.959266805443946
1935-05,25.0,24.0,0.5833333333333334,0.2083333333333333,0.7916666666666666,0.4166666666666666,0.36,9.0,0.6,0.68,0.08,0.24,41,20,205.0,1935-05,False,1935,1935,-11.959266805443946
1935-06,24.0,24.0,0.4166666666666667,0.2916666666666667,0.7083333333333334,0.5833333333333333,0.3333333333333333,9.0,0.75,0.6666666666666666,0.1666666666666666,0.1666666666666666,52,26,200.0,1935-06,False,1935,1935,-16.959266805443946
1935-07,50.0,49.0,0.3469387755102041,0.3265306122448979,0.673469387755102,0.653061224489796,0.5,6.615384615384615,0.46,0.62,0.0,0.32,69,25,276.0,1935-07,False,1935,1935,59.040733194556054
1935-08,22.0,20.0,0.2,0.4,0.6,0.8,0.4545454545454545,6.0,0.2727272727272727,0.2272727272727272,0.0909090909090909,0.6818181818181818,46,25,184.0,1935-08,False,1935,1935,-32.959266805443946
1935-09,29.0,29.0,0.8620689655172413,0.0689655172413793,0.9310344827586208,0.1379310344827586,0.4137931034482758,6.0,0.4827586206896552,0.6896551724137931,0.0,0.2758620689655172,36,22,163.63636363636363,1935-09,False,1935,1935,-53.32290316908032
1935-10,34.0,34.0,0.5294117647058824,0.2352941176470588,0.7647058823529411,0.4705882352941176,0.4117647058823529,9.0,0.3529411764705882,0.3529411764705882,0.1470588235294117,0.4411764705882353,51,19,268.42105263157896,1935-10,False,1935,1935,51.461785826135014
1935-11,25.0,25.0,0.28,0.36,0.64,0.72,0.24,10.285714285714286,0.72,0.8,0.0,0.16,52,23,226.08695652173913,1935-11,False,1935,1935,9.12768971629518
1935-12,52.0,51.0,0.803921568627451,0.0980392156862745,0.9019607843137256,0.196078431372549,0.3846153846153846,11.11111111111111,0.5,0.6923076923076923,0.0384615384615384,0.2692307692307692,102,25,408.0,1935-12,False,1935,1935,191.04073319455605
1936-01,42.0,42.0,0.5714285714285714,0.2142857142857142,0.7857142857142857,0.4285714285714286,0.4285714285714285,9.5,0.5476190476190477,0.5952380952380952,0.0714285714285714,0.3095238095238095,62,24,258.3333333333333,1936-01,False,1936,1935,41.37406652788937
1936-02,22.0,22.0,0.4545454545454545,0.2727272727272727,0.7272727272727273,0.5454545454545454,0.1818181818181818,10.0,0.7272727272727273,0.6818181818181818,0.0909090909090909,0.2272727272727272,53,25,212.0,1936-02,False,1936,1935,-4.959266805443946
1936-03,21.0,20.0,0.7,0.15,0.85,0.3,0.5714285714285714,8.4,0.7142857142857143,0.7142857142857143,0.0476190476190476,0.1428571428571428,45,23,195.65217391304347,1936-03,False,1936,1935,-21.307092892400476
1936-04,10.0,10.0,0.6,0.2,0.8,0.4,0.4,9.0,0.7,0.4,0.4,0.2,41,22,186.36363636363637,1936-04,False,1936,1935,-30.59563044180757
1936-05,30.0,29.0,0.5862068965517241,0.2068965517241379,0.7931034482758621,0.4137931034482759,0.4666666666666667,9.5,0.7333333333333333,0.7,0.2,0.1,55,28,196.42857142857144,1936-05,False,1936,1935,-20.5306953768725
1936-06,7.0,7.0,0.1428571428571428,0.4285714285714285,0.5714285714285714,0.8571428571428572,0.7142857142857143,6.0,0.7142857142857143,0.7142857142857143,0.0,0.1428571428571428,27,17,158.8235294117647,1936-06,False,1936,1935,-58.13573739367925
1936-07,23.0,23.0,-0.3043478260869565,0.6521739130434783,0.3478260869565217,0.6956521739130435,0.4347826086956521,9.0,0.391304347826087,0.2608695652173913,0.217391304347826,0.5217391304347826,39,22,177.27272727272728,1936-07,False,1936,1935,-39.686539532716665
1936-08,18.0,18.0,0.6666666666666666,0.1666666666666666,0.8333333333333334,0.3333333333333333,0.3333333333333333,9.0,0.4444444444444444,0.2222222222222222,0.3333333333333333,0.3888888888888889,29,22,131.8181818181818,1936-08,False,1936,1935,-85.14108498726213
1936-09,27.0,27.0,0.8518518518518519,0.074074074074074,0.925925925925926,0.1481481481481481,0.3703703703703703,11.142857142857142,0.2592592592592592,0.2592592592592592,0.4444444444444444,0.2222222222222222,38,18,211.11111111111111,1936-09,False,1936,1935,-5.8481556943328314
1936-10,28.0,25.0,0.44,0.28,0.72,0.56,0.3214285714285714,12.0,0.4642857142857143,0.5714285714285714,0.1428571428571428,0.2857142857142857,40,24,166.66666666666666,1936-10,False,1936,1935,-50.29260013877729
1936-11,17.0,17.0,0.5294117647058824,0.2352941176470588,0.7647058823529411,0.4705882352941176,0.6470588235294118,9.0,0.6470588235294118,0.5882352941176471,0.2941176470588235,0.1176470588235294,32,19,168.42105263157896,1936-11,False,1936,1935,-48.538214173864986
1936-12,33.0,33.0,0.3333333333333333,0.3333333333333333,0.6666666666666666,0.6666666666666667,0.3939393939393939,11.571428571428571,0.5151515151515151,0.4242424242424242,0.1515151515151515,0.3939393939393939,54,20,270.0,1936-12,False,1936,1935,53.040733194556054
1937-01,42.0,41.0,0.6097560975609756,0.1951219512195122,0.8048780487804879,0.3902439024390244,0.3809523809523809,11.5,0.5,0.4047619047619047,0.1428571428571428,0.4285714285714285,53,19,278.94736842105266,1937-01,False,1937,1935,61.98810161560871
1937-02,13.0,13.0,1.0,0.0,1.0,0.0,0.5384615384615384,12.0,0.4615384615384615,0.5384615384615384,0.0769230769230769,0.3846153846153846,27,15,180.0,1937-02,False,1937,1935,-36.959266805443946
1937-03,18.0,16.0,0.375,0.3125,0.6875,0.625,0.5,8.0,0.5555555555555556,0.4444444444444444,0.2222222222222222,0.2222222222222222,25,18,138.88888888888889,1937-03,False,1937,1935,-78.07037791655506
1937-04,25.0,25.0,0.28,0.36,0.64,0.72,0.24,4.333333333333333,0.52,0.36,0.16,0.4,30,18,166.66666666666666,1937-04,False,1937,1935,-50.29260013877729
1937-05,21.0,21.0,0.6190476190476191,0.1904761904761904,0.8095238095238095,0.3809523809523809,0.238095238095238,9.0,0.4761904761904761,0.5238095238095238,0.0476190476190476,0.4285714285714285,35,23,152.17391304347825,1937-05,True,1937,1935,-64.7853537619657
1937-06,36.0,35.0,0.2,0.4,0.6,0.8,0.5555555555555556,8.0,0.6111111111111112,0.5277777777777778,0.0833333333333333,0.3888888888888889,48,20,240.0,1937-06,True,1937,1935,23.040733194556054
1937-07,25.0,25.0,0.12,0.44,0.56,0.88,0.6,4.666666666666667,0.28,0.64,0.12,0.08,56,25,224.0,1937-07,True,1937,1935,7.040733194556054
1937-08,31.0,30.0,0.6666666666666666,0.1666666666666666,0.8333333333333334,0.3333333333333333,0.4516129032258064,6.0,0.5161290322580645,0.6774193548387096,0.064516129032258,0.2258064516129032,58,19,305.2631578947368,1937-08,True,1937,1935,88.30389108929288
1937-09,37.0,36.0,0.0555555555555555,0.4722222222222222,0.5277777777777778,0.9444444444444444,0.4594594594594595,12.0,0.3513513513513513,0.4594594594594595,0.1081081081081081,0.4054054054054054,50,25,200.0,1937-09,True,1937,1935,-16.959266805443946
1937-10,33.0,30.0,-0.0666666666666666,0.5333333333333333,0.4666666666666667,0.9333333333333332,0.7272727272727273,14.25,0.3636363636363636,0.4848484848484848,0.2727272727272727,0.2121212121212121,43,23,186.95652173913044,1937-10,True,1937,1935,-30.00274506631351
1937-11,35.0,35.0,-0.1428571428571428,0.5714285714285714,0.4285714285714285,0.8571428571428572,0.4,10.714285714285714,0.1714285714285714,0.1142857142857142,0.6,0.2571428571428571,52,22,236.36363636363637,1937-11,True,1937,1935,19.40436955819243
1937-12,46.0,44.0,0.0454545454545454,0.4772727272727273,0.5227272727272727,0.9545454545454546,0.5217391304347826,10.0,0.6086956521739131,0.5434782608695652,0.1956521739130435,0.2391304347826087,60,25,240.0,1937-12,True,1937,1935,23.040733194556054
1938-01,45.0,45.0,0.3333333333333333,0.3333333333333333,0.6666666666666666,0.6666666666666667,0.5555555555555556,11.0,0.7111111111111111,0.4444444444444444,0.4888888888888889,0.0666666666666666,57,20,285.0,1938-01,True,1938,1938,59.0899156273814
1938-02,42.0,41.0,0.2682926829268293,0.3658536585365853,0.6341463414634146,0.7317073170731707,0.3571428571428571,6.25,0.2142857142857142,0.2142857142857142,0.0714285714285714,0.238095238095238,60,22,272.72727272727275,1938-02,True,1938,1938,46.81718835465415
1938-03,19.0,18.0,0.4444444444444444,0.2777777777777778,0.7222222222222222,0.5555555555555556,0.6842105263157895,6.0,0.4210526315789473,0.3157894736842105,0.3684210526315789,0.3157894736842105,27,21,128.57142857142858,1938-03,True,1938,1938,-97.33865580119001
1938-04,37.0,34.0,0.4705882352941176,0.2647058823529412,0.7352941176470589,0.5294117647058824,0.2702702702702703,8.0,0.2972972972972973,0.5405405405405406,0.081081081081081,0.3513513513513513,45,20,225.0,1938-04,True,1938,1938,-0.9100843726185985
1938-05,21.0,21.0,-0.0476190476190476,0.5238095238095238,0.4761904761904761,0.9523809523809524,0.5714285714285714,6.0,0.6666666666666666,0.7142857142857143,0.0952380952380952,0.1904761904761904,26,19,136.8421052631579,1938-05,True,1938,1938,-89.06797910946071
1938-06,33.0,33.0,0.3939393939393939,0.303030303030303,0.696969696969697,0.6060606060606061,0.4848484848484848,9.428571428571429,0.6666666666666666,0.5151515151515151,0.1818181818181818,0.303030303030303,51,25,204.0,1938-06,True,1938,1938,-21.9100843726186
1938-07,39.0,38.0,0.2631578947368421,0.3684210526315789,0.631578947368421,0.736842105263158,0.4102564102564102,10.2,0.5897435897435898,0.6410256410256411,0.1538461538461538,0.1794871794871795,47,21,223.8095238095238,1938-07,False,1938,1938,-2.1005605630948025
1938-08,30.0,30.0,0.8666666666666667,0.0666666666666666,0.9333333333333332,0.1333333333333333,0.3333333333333333,7.181818181818182,0.5333333333333333,0.5666666666666667,0.1333333333333333,0.3,40,18,222.22222222222223,1938-08,False,1938,1938,-3.68786215039637
1938-09,20.0,20.0,1.0,0.0,1.0,0.0,0.45,10.5,0.25,0.3,0.2,0.45,43,24,179.16666666666666,1938-09,False,1938,1938,-46.74341770595194
1938-10,37.0,37.0,0.8918918918918919,0.054054054054054,0.945945945945946,0.1081081081081081,0.3783783783783784,10.2,0.8378378378378378,0.7027027027027027,0.1621621621621621,0.1081081081081081,59,22,268.1818181818182,1938-10,False,1938,1938,42.27173380919959
1938-11,26.0,26.0,0.5384615384615384,0.2307692307692307,0.7692307692307693,0.4615384615384615,0.4615384615384615,10.0,0.7692307692307693,0.7307692307692307,0.0769230769230769,0.1923076923076923,46,22,209.0909090909091,1938-11,False,1938,1938,-16.819175281709505
1938-12,54.0,52.0,0.6538461538461539,0.173076923076923,0.8269230769230769,0.3461538461538461,0.5185185185185185,10.090909090909092,0.4259259259259259,0.3703703703703703,0.037037037037037,0.5370370370370371,67,24,279.1666666666667,1938-12,False,1938,1938,53.25658229404809
1939-01,62.0,59.0,0.864406779661017,0.0677966101694915,0.9322033898305084,0.135593220338983,0.4032258064516129,11.03225806451613,0.5967741935483871,0.7741935483870968,0.064516129032258,0.1612903225806451,95,22,431.8181818181818,1939-01,False,1939,1938,205.90809744556321
1939-02,30.0,30.0,0.6,0.2,0.8,0.4,0.3666666666666666,5.666666666666667,0.3333333333333333,0.4666666666666667,0.1,0.4333333333333333,44,18,244.44444444444449,1939-02,False,1939,1938,18.534360071825887
1939-03,24.0,24.0,0.5833333333333334,0.2083333333333333,0.7916666666666666,0.4166666666666666,0.5,8.571428571428571,0.6666666666666666,0.625,0.1666666666666666,0.2083333333333333,36,20,180.0,1939-03,False,1939,1938,-45.9100843726186
1939-04,21.0,20.0,0.6,0.2,0.8,0.4,0.4761904761904761,8.0,0.3333333333333333,0.2857142857142857,0.0952380952380952,0.4761904761904761,37,23,160.8695652173913,1939-04,False,1939,1938,-65.04051915522729
1939-05,29.0,29.0,0.6551724137931034,0.1724137931034483,0.8275862068965517,0.3448275862068966,0.4482758620689655,6.0,0.5172413793103449,0.3448275862068966,0.2758620689655172,0.3793103448275862,35,16,218.75,1939-05,False,1939,1938,-7.1600843726185985
1939-06,20.0,18.0,0.5555555555555556,0.2222222222222222,0.7777777777777778,0.4444444444444444,0.4,12.0,0.35,0.3,0.15,0.35,32,20,160.0,1939-06,False,1939,1938,-65.9100843726186
1939-07,29.0,28.0,0.2857142857142857,0.3571428571428571,0.6428571428571429,0.7142857142857143,0.5517241379310345,6.444444444444445,0.6551724137931034,0.7241379310344828,0.1379310344827586,0.1379310344827586,58,18,322.22222222222223,1939-07,False,1939,1938,96.31213784960363
1939-08,27.0,27.0,0.037037037037037,0.4814814814814814,0.5185185185185185,0.962962962962963,0.6296296296296297,12.0,0.3703703703703703,0.4074074074074074,0.4444444444444444,0.1111111111111111,34,19,178.94736842105263,1939-08,False,1939,1938,-46.96271595156597
1939-09,15.0,15.0,0.7333333333333333,0.1333333333333333,0.8666666666666667,0.2666666666666667,0.2,,0.8666666666666667,0.6666666666666666,0.1333333333333333,0.2,25,16,156.25,1939-09,False,1939,1938,-69.6600843726186
1939-10,43.0,42.0,0.0952380952380952,0.4523809523809524,0.5476190476190477,0.9047619047619048,0.4186046511627907,8.6,0.4883720930232558,0.5116279069767442,0.1627906976744186,0.3255813953488372,58,21,276.1904761904762,1939-10,False,1939,1938,50.280391817857605
1939-11,24.0,20.0,0.2,0.4,0.6,0.8,0.4583333333333333,10.5,0.4583333333333333,0.6666666666666666,0.0833333333333333,0.25,39,20,195.0,1939-11,False,1939,1938,-30.9100843726186
1939-12,36.0,34.0,0.5294117647058824,0.2352941176470588,0.7647058823529411,0.4705882352941176,0.5,10.875,0.4444444444444444,0.5277777777777778,0.2777777777777778,0.1944444444444444,42,19,221.05263157894737,1939-12,False,1939,1938,-4.857452793671229
1940-01,26.0,25.0,0.44,0.28,0.72,0.56,0.3461538461538461,9.5,0.3461538461538461,0.4615384615384615,0.1538461538461538,0.3846153846153846,47,14,335.7142857142857,1940-01,False,1940,1938,109.80420134166712
1940-02,33.0,33.0,0.3939393939393939,0.303030303030303,0.696969696969697,0.6060606060606061,0.4242424242424242,12.0,0.3636363636363636,0.4848484848484848,0.0606060606060606,0.4545454545454545,57,22,259.09090909090907,1940-02,False,1940,1938,33.18082471829047
1940-03,32.0,31.0,0.3548387096774194,0.3225806451612903,0.6774193548387096,0.6451612903225806,0.625,6.875,0.28125,0.5625,0.125,0.28125,41,22,186.36363636363637,1940-03,False,1940,1938,-39.546448008982225
1940-04,20.0,20.0,0.2,0.4,0.6,0.8,0.25,8.4,0.5,0.7,0.05,0.25,24,15,160.0,1940-04,False,1940,1938,-65.9100843726186
1940-05,7.0,7.0,-0.1428571428571428,0.5714285714285714,0.4285714285714285,0.8571428571428572,0.1428571428571428,4.0,0.4285714285714285,0.4285714285714285,0.0,0.5714285714285714,15,13,115.3846153846154,1940-05,False,1940,1938,-110.5254689880032
1940-06,27.0,26.0,0.5384615384615384,0.2307692307692307,0.7692307692307693,0.4615384615384615,0.2962962962962963,6.0,0.4444444444444444,0.2962962962962963,0.1481481481481481,0.4444444444444444,40,21,190.47619047619048,1940-06,False,1940,1938,-35.43389389642812
1940-07,39.0,39.0,0.5384615384615384,0.2307692307692307,0.7692307692307693,0.4615384615384615,0.5128205128205128,8.571428571428571,0.4615384615384615,0.5128205128205128,0.0769230769230769,0.4102564102564102,53,20,265.0,1940-07,False,1940,1938,39.0899156273814
1940-08,31.0,28.0,0.7857142857142857,0.1071428571428571,0.8928571428571429,0.2142857142857143,0.2903225806451613,7.0,0.1290322580645161,0.5806451612903226,0.032258064516129,0.3870967741935484,49,15,326.6666666666667,1940-08,False,1940,1938,100.75658229404809
1940-09,42.0,40.0,0.5,0.25,0.75,0.5,0.3809523809523809,9.0,0.3809523809523809,0.7619047619047619,0.0476190476190476,0.1904761904761904,59,21,280.95238095238096,1940-09,False,1940,1938,55.042296579762365
1940-10,19.0,19.0,0.4736842105263157,0.2631578947368421,0.7368421052631579,0.5263157894736843,0.5263157894736842,9.0,0.3157894736842105,0.4210526315789473,0.1052631578947368,0.3684210526315789,31,18,172.22222222222223,1940-10,False,1940,1938,-53.68786215039637
1940-11,20.0,19.0,0.4736842105263157,0.2631578947368421,0.7368421052631579,0.5263157894736843,0.3,12.0,0.7,0.55,0.15,0.25,32,17,188.23529411764707,1940-11,False,1940,1938,-37.674790254971526
1940-12,29.0,28.0,0.4285714285714285,0.2857142857142857,0.7142857142857143,0.5714285714285714,0.4137931034482758,12.0,0.7931034482758621,0.6206896551724138,0.1034482758620689,0.1724137931034483,41,15,273.3333333333333,1940-12,False,1940,1938,47.423248960714716
1941-01,52.0,50.0,0.64,0.18,0.82,0.36,0.4230769230769231,12.25,0.5192307692307693,0.6538461538461539,0.0384615384615384,0.2307692307692307,69,22,313.6363636363636,1941-01,False,1941,1941,118.5779339707911
1941-02,20.0,19.0,0.5789473684210527,0.2105263157894736,0.7894736842105263,0.4210526315789473,0.5,12.0,0.45,0.5,0.25,0.25,34,14,242.8571428571429,1941-02,False,1941,1941,47.79871319157036
1941-03,12.0,12.0,0.6666666666666666,0.1666666666666666,0.8333333333333334,0.3333333333333333,0.5833333333333334,12.0,0.4166666666666667,0.4166666666666667,0.0833333333333333,0.4166666666666667,22,12,183.33333333333337,1941-03,False,1941,1941,-11.725096332239161
1941-04,10.0,10.0,-0.6,0.8,0.2,0.4,0.4,12.0,0.6,0.7,0.0,0.3,25,13,192.30769230769232,1941-04,False,1941,1941,-2.7507373578802117
1941-05,13.0,13.0,-0.0769230769230769,0.5384615384615384,0.4615384615384615,0.9230769230769232,0.3846153846153846,12.0,0.3076923076923077,0.3846153846153846,0.0769230769230769,0.5384615384615384,30,12,250.0,1941-05,False,1941,1941,54.94157033442747
1941-06,15.0,14.0,0.1428571428571428,0.4285714285714285,0.5714285714285714,0.8571428571428572,0.5333333333333333,10.8,0.4666666666666667,0.6666666666666666,0.1333333333333333,0.2,28,15,186.66666666666663,1941-06,False,1941,1941,-8.391762998905904
1941-07,10.0,10.0,-0.2,0.6,0.4,0.8,0.4,12.0,0.5,0.3,0.3,0.3,23,16,143.75,1941-07,False,1941,1941,-51.30842966557253
1941-08,10.0,10.0,0.2,0.4,0.6,0.8,0.2,12.0,0.6,0.5,0.2,0.3,19,15,126.66666666666669,1941-08,False,1941,1941,-68.39176299890585
1941-09,8.0,8.0,0.25,0.375,0.625,0.75,0.375,6.0,0.375,0.5,0.0,0.5,16,13,123.07692307692308,1941-09,False,1941,1941,-71.98150658864945
1941-10,12.0,12.0,0.0,0.5,0.5,1.0,0.4166666666666667,8.0,0.5,0.3333333333333333,0.1666666666666666,0.5,22,13,169.23076923076923,1941-10,False,1941,1941,-25.827660434803306
1941-11,11.0,11.0,0.6363636363636364,0.1818181818181818,0.8181818181818182,0.3636363636363636,0.4545454545454545,12.0,0.4545454545454545,0.4545454545454545,0.0909090909090909,0.4545454545454545,25,14,178.57142857142858,1941-11,False,1941,1941,-16.48700109414395
1941-12,12.0,11.0,0.2727272727272727,0.3636363636363636,0.6363636363636364,0.7272727272727273,0.4166666666666667,9.0,0.75,0.75,0.0833333333333333,0.0833333333333333,17,10,170.0,1941-12,False,1941,1941,-25.058429665572532
1942-01,46.0,45.0,0.1111111111111111,0.4444444444444444,0.5555555555555556,0.8888888888888888,0.2608695652173913,12.0,0.1956521739130435,0.2826086956521739,0.0434782608695652,0.6521739130434783,64,18,355.55555555555554,1942-01,False,1942,1941,160.497125889983
1942-02,5.0,5.0,0.2,0.4,0.6,0.8,0.4,12.0,0.2,0.2,0.2,0.6,10,7,142.85714285714286,1942-02,False,1942,1941,-52.20128680842967
1942-03,12.0,12.0,0.0,0.5,0.5,1.0,0.6666666666666666,12.0,0.6666666666666666,0.25,0.4166666666666667,0.25,22,14,157.14285714285714,1942-03,False,1942,1941,-37.915572522715394
1942-04,12.0,12.0,0.6666666666666666,0.1666666666666666,0.8333333333333334,0.3333333333333333,0.3333333333333333,12.0,0.5,0.25,0.25,0.5,23,11,209.0909090909091,1942-04,False,1942,1941,14.032479425336561
1942-05,15.0,14.0,0.4285714285714285,0.2857142857142857,0.7142857142857143,0.5714285714285714,0.4666666666666667,6.166666666666667,0.3333333333333333,0.4,0.4666666666666667,0.0,17,11,154.54545454545453,1942-05,False,1942,1941,-40.512975120118
1942-06,13.0,12.0,0.3333333333333333,0.3333333333333333,0.6666666666666666,0.6666666666666667,0.3076923076923077,10.5,0.6923076923076923,0.8461538461538461,0.0769230769230769,0.0769230769230769,26,10,260.0,1942-06,False,1942,1941,64.94157033442747
1942-07,3.0,3.0,0.3333333333333333,0.3333333333333333,0.6666666666666666,0.6666666666666667,0.0,12.0,0.6666666666666666,1.0,0.0,0.0,6,7,85.71428571428571,1942-07,False,1942,1941,-109.34414395128682
1942-08,4.0,4.0,0.0,0.5,0.5,1.0,0.0,,0.0,0.0,0.0,1.0,9,9,100.0,1942-08,False,1942,1941,-95.05842966557253
1942-09,1.0,1.0,-1.0,1.0,0.0,0.0,0.0,,1.0,0.0,1.0,0.0,2,5,40.0,1942-09,False,1942,1941,-155.05842966557253
1942-10,6.0,6.0,-0.3333333333333333,0.6666666666666666,0.3333333333333333,0.6666666666666667,0.1666666666666666,12.0,0.5,0.3333333333333333,0.1666666666666666,0.5,11,11,100.0,1942-10,False,1942,1941,-95.05842966557253
1942-11,1.0,1.0,-1.0,1.0,0.0,0.0,1.0,12.0,1.0,1.0,0.0,0.0,2,7,28.571428571428573,1942-11,False,1942,1941,-166.48700109414395
1942-12,3.0,2.0,0.0,0.5,0.5,1.0,0.0,,1.0,1.0,0.0,0.0,6,7,85.71428571428571,1942-12,False,1942,1941,-109.34414395128682
1943-01,36.0,32.0,0.125,0.4375,0.5625,0.875,0.2222222222222222,12.0,0.6388888888888888,0.6666666666666666,0.0555555555555555,0.25,49,11,445.45454545454544,1943-01,False,1943,1941,250.3961157889729
1943-02,12.0,12.0,0.0,0.5,0.5,1.0,0.25,12.0,0.4166666666666667,0.4166666666666667,0.1666666666666666,0.4166666666666667,19,9,211.11111111111111,1943-02,False,1943,1941,16.052681445538582
1943-03,8.0,8.0,0.25,0.375,0.625,0.75,0.375,12.0,0.375,0.5,0.125,0.25,16,10,160.0,1943-03,False,1943,1941,-35.05842966557253
1943-04,6.0,6.0,-0.6666666666666666,0.8333333333333334,0.1666666666666666,0.3333333333333333,0.1666666666666666,,0.8333333333333334,0.5,0.3333333333333333,0.1666666666666666,13,5,260.0,1943-04,False,1943,1941,64.94157033442747
1943-05,1.0,0.0,,,,,0.0,,1.0,1.0,0.0,0.0,1,3,33.333333333333336,1943-05,False,1943,1941,-161.7250963322392
1943-06,4.0,4.0,0.0,0.5,0.5,1.0,0.0,,0.25,0.5,0.0,0.5,13,6,216.66666666666663,1943-06,False,1943,1941,21.608237001094096
1943-07,4.0,4.0,0.5,0.25,0.75,0.5,0.5,,0.25,0.25,0.0,0.0,5,6,83.33333333333333,1943-07,False,1943,1941,-111.7250963322392
1943-08,2.0,2.0,1.0,0.0,1.0,0.0,1.0,12.0,0.5,0.5,0.0,0.5,5,4,125.0,1943-08,False,1943,1941,-70.05842966557253
1943-09,9.0,9.0,0.5555555555555556,0.2222222222222222,0.7777777777777778,0.4444444444444444,0.2222222222222222,12.0,0.2222222222222222,0.2222222222222222,0.1111111111111111,0.6666666666666666,12,5,240.0,1943-09,False,1943,1941,44.94157033442747
1943-11,5.0,5.0,-0.6,0.8,0.2,0.4,0.2,,1.0,0.8,0.2,0.0,17,7,242.8571428571429,1943-11,False,1943,1941,47.79871319157036
1943-12,63.0,55.0,0.2363636363636363,0.3818181818181818,0.6181818181818182,0.7636363636363637,0.3968253968253968,12.0,0.6507936507936508,0.8412698412698413,0.0158730158730158,0.1428571428571428,81,10,810.0,1943-12,False,1943,1941,614.9415703344275
1944-01,11.0,10.0,0.0,0.5,0.5,1.0,0.4545454545454545,,0.5454545454545454,0.2727272727272727,0.6363636363636364,0.0,16,9,177.77777777777777,1944-01,False,1944,1944,-52.85416743750076
1944-02,4.0,4.0,0.5,0.25,0.75,0.5,0.5,12.0,1.0,0.75,0.25,0.0,12,8,150.0,1944-02,False,1944,1944,-80.63194521527853
1944-03,8.0,7.0,0.4285714285714285,0.2857142857142857,0.7142857142857143,0.5714285714285714,0.0,1.0,0.25,0.0,0.375,0.625,9,5,180.0,1944-03,False,1944,1944,-50.631945215278535
1944-04,7.0,6.0,0.0,0.5,0.5,1.0,0.2857142857142857,6.5,0.5714285714285714,0.5714285714285714,0.2857142857142857,0.1428571428571428,13,7,185.71428571428572,1944-04,False,1944,1944,-44.91765950099281
1944-05,7.0,7.0,0.1428571428571428,0.4285714285714285,0.5714285714285714,0.8571428571428572,0.5714285714285714,6.0,0.4285714285714285,0.0,0.8571428571428571,0.1428571428571428,10,4,250.0,1944-05,False,1944,1944,19.368054784721465
1944-06,25.0,24.0,0.0,0.5,0.5,1.0,0.6,12.0,0.6,0.6,0.08,0.32,34,14,242.8571428571429,1944-06,False,1944,1944,12.225197641864355
1944-07,5.0,5.0,0.6,0.2,0.8,0.4,0.2,,0.4,0.4,0.6,0.0,11,4,275.0,1944-07,False,1944,1944,44.368054784721465
1944-08,5.0,5.0,-0.2,0.6,0.4,0.8,0.6,6.0,1.0,0.4,0.6,0.0,8,8,100.0,1944-08,False,1944,1944,-130.63194521527853
1944-09,3.0,3.0,0.3333333333333333,0.3333333333333333,0.6666666666666666,0.6666666666666667,0.6666666666666666,,0.6666666666666666,0.3333333333333333,0.3333333333333333,0.3333333333333333,11,9,122.22222222222224,1944-09,False,1944,1944,-108.40972299305629
1944-10,12.0,12.0,0.6666666666666666,0.1666666666666666,0.8333333333333334,0.3333333333333333,0.25,12.0,0.8333333333333334,0.5,0.25,0.0,23,11,209.0909090909091,1944-10,False,1944,1944,-21.54103612436944
1944-11,19.0,19.0,0.2631578947368421,0.3684210526315789,0.631578947368421,0.736842105263158,0.5789473684210527,10.0,0.3157894736842105,0.5789473684210527,0.2631578947368421,0.0526315789473684,22,7,314.2857142857143,1944-11,False,1944,1944,83.65376907043574
1944-12,44.0,38.0,-0.2631578947368421,0.631578947368421,0.3684210526315789,0.736842105263158,0.2272727272727272,12.0,0.6136363636363636,0.7727272727272727,0.0227272727272727,0.2045454545454545,61,9,677.7777777777778,1944-12,False,1944,1944,447.1458325624993
1945-01,20.0,20.0,-0.4,0.7,0.3,0.6,0.3,9.0,0.35,0.85,0.1,0.0,32,12,266.6666666666667,1945-01,False,1945,1944,36.03472145138815
1945-02,2.0,2.0,0.0,0.5,0.5,1.0,0.0,,0.5,1.0,0.0,0.0,4,3,133.33333333333334,1945-02,True,1945,1944,-97.29861188194519
1945-03,8.0,8.0,0.0,0.5,0.5,1.0,0.375,,0.25,0.375,0.25,0.25,15,9,166.66666666666666,1945-03,True,1945,1944,-63.96527854861188
1945-04,7.0,7.0,0.1428571428571428,0.4285714285714285,0.5714285714285714,0.8571428571428572,0.2857142857142857,,0.5714285714285714,0.5714285714285714,0.2857142857142857,0.1428571428571428,12,9,133.33333333333334,1945-04,True,1945,1944,-97.29861188194519
1945-05,6.0,6.0,0.0,0.5,0.5,1.0,0.5,6.0,0.1666666666666666,0.3333333333333333,0.0,0.6666666666666666,8,5,160.0,1945-05,True,1945,1944,-70.63194521527853
1945-06,6.0,6.0,0.0,0.5,0.5,1.0,0.3333333333333333,,0.3333333333333333,0.3333333333333333,0.0,0.6666666666666666,11,8,137.5,1945-06,True,1945,1944,-93.13194521527853
1945-07,8.0,8.0,0.0,0.5,0.5,1.0,0.5,12.0,0.125,0.625,0.375,0.0,14,11,127.27272727272728,1945-07,True,1945,1944,-103.35921794255125
1945-08,21.0,20.0,0.0,0.5,0.5,1.0,0.2857142857142857,8.6,0.6666666666666666,0.5238095238095238,0.1904761904761904,0.2857142857142857,29,8,362.5,1945-08,True,1945,1944,131.86805478472147
1945-09,10.0,10.0,0.2,0.4,0.6,0.8,0.4,12.0,0.7,0.4,0.5,0.1,23,15,153.33333333333334,1945-09,True,1945,1944,-77.29861188194519
1945-10,22.0,22.0,0.6363636363636364,0.1818181818181818,0.8181818181818182,0.3636363636363636,0.3181818181818182,10.571428571428571,0.6363636363636364,0.5909090909090909,0.0909090909090909,0.3181818181818182,23,12,191.66666666666663,1945-10,True,1945,1944,-38.965278548611906
1945-11,16.0,16.0,0.25,0.375,0.625,0.75,0.5625,6.0,0.6875,0.5,0.1875,0.25,19,10,190.0,1945-11,False,1945,1944,-40.631945215278535
1945-12,55.0,52.0,0.0769230769230769,0.4615384615384615,0.5384615384615384,0.9230769230769232,0.1454545454545454,11.571428571428571,0.9454545454545454,0.8363636363636363,0.1272727272727272,0.0363636363636363,66,14,471.42857142857144,1945-12,False,1945,1944,240.7966262132929
1946-01,38.0,38.0,0.3157894736842105,0.3421052631578947,0.6578947368421053,0.6842105263157895,0.3421052631578947,16.333333333333332,0.7368421052631579,0.4473684210526316,0.3421052631578947,0.2105263157894736,59,13,453.84615384615387,1946-01,False,1946,1944,223.21420863087533
1946-02,12.0,12.0,0.3333333333333333,0.3333333333333333,0.6666666666666666,0.6666666666666667,0.4166666666666667,12.0,0.8333333333333334,0.75,0.0833333333333333,0.1666666666666666,20,12,166.66666666666666,1946-02,False,1946,1944,-63.96527854861188
1946-03,20.0,18.0,0.3333333333333333,0.3333333333333333,0.6666666666666666,0.6666666666666667,0.35,,0.45,0.35,0.2,0.45,31,9,344.44444444444446,1946-03,False,1946,1944,113.81249922916592
1946-04,11.0,11.0,0.0909090909090909,0.4545454545454545,0.5454545454545454,0.9090909090909092,0.3636363636363636,12.0,0.4545454545454545,0.3636363636363636,0.2727272727272727,0.2727272727272727,24,8,300.0,1946-04,False,1946,1944,69.36805478472147
1946-05,14.0,14.0,0.2857142857142857,0.3571428571428571,0.6428571428571429,0.7142857142857143,0.7857142857142857,8.0,0.5714285714285714,0.5,0.1428571428571428,0.2857142857142857,19,8,237.5,1946-05,False,1946,1944,6.8680547847214655
1946-06,17.0,16.0,-0.125,0.5625,0.4375,0.875,0.4117647058823529,6.0,0.4705882352941176,0.5294117647058824,0.1176470588235294,0.2941176470588235,25,8,312.5,1946-06,False,1946,1944,81.86805478472147
1946-07,1.0,1.0,1.0,0.0,1.0,0.0,0.0,,1.0,0.0,1.0,0.0,3,7,42.857142857142854,1946-07,False,1946,1944,-187.77480235813567
1946-08,21.0,21.0,0.0476190476190476,0.4761904761904761,0.5238095238095238,0.9523809523809524,0.238095238095238,12.0,0.6666666666666666,0.3333333333333333,0.3333333333333333,0.2857142857142857,33,13,253.84615384615384,1946-08,False,1946,1944,23.214208630875305
1946-09,15.0,15.0,0.3333333333333333,0.3333333333333333,0.6666666666666666,0.6666666666666667,0.3333333333333333,6.0,0.6,0.4666666666666667,0.2,0.2666666666666666,25,14,178.57142857142858,1946-09,False,1946,1944,-52.06051664384995
1946-10,10.0,10.0,0.0,0.5,0.5,1.0,0.6,,0.4,0.5,0.0,0.4,12,11,109.0909090909091,1946-10,False,1946,1944,-121.54103612436944
1946-11,10.0,10.0,0.4,0.3,0.7,0.6,0.3,7.0,0.5,0.3,0.3,0.4,10,4,250.0,1946-11,False,1946,1944,19.368054784721465
1946-12,23.0,23.0,0.5652173913043478,0.217391304347826,0.782608695652174,0.4347826086956522,0.3478260869565217,12.0,0.8260869565217391,0.8260869565217391,0.0,0.1739130434782608,33,12,275.0,1946-12,False,1946,1944,44.368054784721465
1947-01,24.0,23.0,0.217391304347826,0.391304347826087,0.6086956521739131,0.782608695652174,0.2916666666666667,12.0,0.6666666666666666,0.625,0.0833333333333333,0.2916666666666667,37,15,246.66666666666663,1947-01,False,1947,1947,47.36270517456015
1947-02,7.0,7.0,-0.1428571428571428,0.5714285714285714,0.4285714285714285,0.8571428571428572,0.4285714285714285,,0.5714285714285714,1.0,0.0,0.0,15,8,187.5,1947-02,False,1947,1947,-11.803961492106481
1947-03,9.0,9.0,0.3333333333333333,0.3333333333333333,0.6666666666666666,0.6666666666666667,0.3333333333333333,6.0,0.2222222222222222,0.3333333333333333,0.1111111111111111,0.5555555555555556,17,12,141.66666666666666,1947-03,False,1947,1947,-57.637294825439824
1947-04,8.0,8.0,-0.25,0.625,0.375,0.75,0.125,12.0,0.75,0.5,0.25,0.25,13,12,108.33333333333331,1947-04,False,1947,1947,-90.97062815877317
1947-05,9.0,9.0,0.3333333333333333,0.3333333333333333,0.6666666666666666,0.6666666666666667,0.4444444444444444,6.0,0.5555555555555556,0.1111111111111111,0.5555555555555556,0.3333333333333333,17,13,130.76923076923077,1947-05,False,1947,1947,-68.53473072287571
1947-06,11.0,11.0,0.0909090909090909,0.4545454545454545,0.5454545454545454,0.9090909090909092,0.1818181818181818,7.0,0.4545454545454545,0.4545454545454545,0.0,0.3636363636363636,19,11,172.72727272727272,1947-06,False,1947,1947,-26.57668876483376
1947-07,7.0,7.0,-0.4285714285714285,0.7142857142857143,0.2857142857142857,0.5714285714285714,0.2857142857142857,9.0,0.2857142857142857,0.2857142857142857,0.1428571428571428,0.5714285714285714,22,8,275.0,1947-07,False,1947,1947,75.69603850789352
1947-08,14.0,14.0,0.2857142857142857,0.3571428571428571,0.6428571428571429,0.7142857142857143,0.2857142857142857,9.0,0.5,0.2857142857142857,0.2142857142857142,0.3571428571428571,27,12,225.0,1947-08,False,1947,1947,25.69603850789352
1947-09,5.0,4.0,-1.0,1.0,0.0,0.0,0.6,6.0,0.6,0.2,0.4,0.4,6,6,100.0,1947-09,False,1947,1947,-99.30396149210648
1947-10,4.0,4.0,0.0,0.5,0.5,1.0,0.25,,0.75,0.75,0.0,0.25,12,9,133.33333333333334,1947-10,False,1947,1947,-65.97062815877314
1947-11,6.0,6.0,0.0,0.5,0.5,1.0,0.1666666666666666,10.0,0.3333333333333333,0.8333333333333334,0.1666666666666666,0.0,9,4,225.0,1947-11,False,1947,1947,25.69603850789352
1947-12,22.0,19.0,-0.0526315789473684,0.5263157894736842,0.4736842105263157,0.9473684210526316,0.0454545454545454,12.0,0.6818181818181818,0.6818181818181818,0.0909090909090909,0.2272727272727272,38,14,271.42857142857144,1947-12,False,1947,1947,72.12460993646496
1948-01,69.0,64.0,0.09375,0.453125,0.546875,0.90625,0.2318840579710145,11.877551020408164,0.782608695652174,0.7681159420289855,0.0289855072463768,0.2028985507246377,105,16,656.25,1948-01,False,1948,1947,456.9460385078935
1948-02,8.0,8.0,-0.25,0.625,0.375,0.75,0.5,48.0,0.875,0.875,0.125,0.0,13,7,185.71428571428572,1948-02,False,1948,1947,-13.589675777820759
1948-03,12.0,10.0,0.4,0.3,0.7,0.6,0.5833333333333334,12.0,0.3333333333333333,0.4166666666666667,0.0,0.5833333333333334,19,9,211.11111111111111,1948-03,False,1948,1947,11.807149619004633
1948-04,11.0,11.0,-0.0909090909090909,0.5454545454545454,0.4545454545454545,0.9090909090909092,0.4545454545454545,12.0,0.8181818181818182,0.5454545454545454,0.2727272727272727,0.1818181818181818,17,11,154.54545454545453,1948-04,False,1948,1947,-44.75850694665195
1948-05,4.0,4.0,0.5,0.25,0.75,0.5,0.5,,0.5,0.5,0.0,0.5,8,5,160.0,1948-05,False,1948,1947,-39.30396149210648
1948-06,5.0,5.0,-0.2,0.6,0.4,0.8,0.2,6.0,1.0,1.0,0.0,0.0,8,7,114.28571428571428,1948-06,False,1948,1947,-85.0182472063922
1948-07,6.0,6.0,-0.3333333333333333,0.6666666666666666,0.3333333333333333,0.6666666666666667,0.6666666666666666,12.0,0.1666666666666666,0.8333333333333334,0.0,0.1666666666666666,13,8,162.5,1948-07,False,1948,1947,-36.80396149210648
1948-08,5.0,5.0,0.6,0.2,0.8,0.4,0.6,12.0,0.8,0.4,0.4,0.0,8,7,114.28571428571428,1948-08,False,1948,1947,-85.0182472063922
1948-09,2.0,2.0,1.0,0.0,1.0,0.0,0.5,,0.0,0.5,0.5,0.0,15,10,150.0,1948-09,False,1948,1947,-49.30396149210648
1948-10,4.0,4.0,0.5,0.25,0.75,0.5,0.25,12.0,0.75,0.75,0.25,0.0,11,6,183.33333333333337,1948-10,False,1948,1947,-15.97062815877311
1948-11,12.0,10.0,0.2,0.4,0.6,0.8,0.4166666666666667,24.0,0.6666666666666666,0.5,0.25,0.25,15,7,214.28571428571428,1948-11,True,1948,1947,14.981752793607797
1948-12,52.0,46.0,-0.3478260869565217,0.6739130434782609,0.3260869565217391,0.6521739130434783,0.2115384615384615,11.7,0.5576923076923077,0.5961538461538461,0.0576923076923076,0.3269230769230769,65,19,342.10526315789474,1948-12,True,1948,1947,142.80130166578826
1949-01,14.0,14.0,0.2857142857142857,0.3571428571428571,0.6428571428571429,0.7142857142857143,0.6428571428571429,9.25,0.2857142857142857,0.4285714285714285,0.3571428571428571,0.2142857142857142,22,12,183.33333333333337,1949-01,True,1949,1947,-15.97062815877311
1949-02,21.0,20.0,0.1,0.45,0.55,0.9,0.4285714285714285,4.0,0.8095238095238095,0.5714285714285714,0.238095238095238,0.1904761904761904,28,13,215.3846153846154,1949-02,True,1949,1947,16.080653892508906
1949-03,19.0,19.0,0.1578947368421052,0.4210526315789473,0.5789473684210527,0.8421052631578947,0.4210526315789473,8.6,0.7368421052631579,0.5789473684210527,0.2631578947368421,0.1052631578947368,31,15,206.66666666666663,1949-03,True,1949,1947,7.362705174560148
1949-04,6.0,6.0,0.3333333333333333,0.3333333333333333,0.6666666666666666,0.6666666666666667,0.1666666666666666,,0.3333333333333333,0.1666666666666666,0.1666666666666666,0.6666666666666666,8,14,57.142857142857146,1949-04,True,1949,1947,-142.16110434924934
1949-05,13.0,13.0,0.0769230769230769,0.4615384615384615,0.5384615384615384,0.9230769230769232,0.3076923076923077,,0.3846153846153846,0.3076923076923077,0.2307692307692307,0.3076923076923077,17,13,130.76923076923077,1949-05,True,1949,1947,-68.53473072287571
1949-06,14.0,14.0,-0.1428571428571428,0.5714285714285714,0.4285714285714285,0.8571428571428572,0.5,12.0,0.3571428571428571,0.5,0.2857142857142857,0.2142857142857142,25,17,147.05882352941177,1949-06,True,1949,1947,-52.24513796269471
1949-07,28.0,28.0,0.0,0.5,0.5,1.0,0.2857142857142857,6.0,0.4642857142857143,0.3928571428571428,0.3928571428571428,0.2142857142857142,30,13,230.76923076923077,1949-07,True,1949,1947,31.465269277124293
1949-08,13.0,13.0,0.6923076923076923,0.1538461538461538,0.8461538461538461,0.3076923076923077,0.3846153846153846,,0.4615384615384615,0.2307692307692307,0.2307692307692307,0.3846153846153846,21,10,210.0,1949-08,True,1949,1947,10.696038507893519
1949-09,26.0,26.0,0.8461538461538461,0.0769230769230769,0.9230769230769232,0.1538461538461538,0.4230769230769231,12.0,0.3461538461538461,0.4230769230769231,0.1538461538461538,0.3461538461538461,30,15,200.0,1949-09,True,1949,1947,0.696038507893519
1949-10,6.0,6.0,-0.3333333333333333,0.6666666666666666,0.3333333333333333,0.6666666666666667,0.6666666666666666,12.0,0.5,0.5,0.3333333333333333,0.1666666666666666,11,8,137.5,1949-10,True,1949,1947,-61.80396149210648
1949-11,8.0,8.0,0.25,0.375,0.625,0.75,0.5,12.0,0.875,0.25,0.75,0.0,11,7,157.14285714285714,1949-11,False,1949,1947,-42.16110434924934
1949-12,43.0,39.0,0.0256410256410256,0.4871794871794871,0.5128205128205128,0.9743589743589745,0.1162790697674418,12.0,0.7674418604651163,0.7674418604651163,0.0930232558139534,0.1395348837209302,78,18,433.3333333333333,1949-12,False,1949,1947,234.02937184122683
1950-01,24.0,24.0,0.25,0.375,0.625,0.75,0.4166666666666667,12.0,0.5,0.2083333333333333,0.4583333333333333,0.3333333333333333,55,18,305.55555555555554,1950-01,False,1950,1950,118.68446368446368
1950-02,4.0,4.0,0.5,0.25,0.75,0.5,0.75,,0.25,0.75,0.0,0.25,10,8,125.0,1950-02,False,1950,1950,-61.87109187109186
1950-03,10.0,10.0,0.6,0.2,0.8,0.4,0.5,6.0,0.8,0.6,0.2,0.2,14,8,175.0,1950-03,False,1950,1950,-11.871091871091863
1950-04,20.0,20.0,0.1,0.45,0.55,0.9,0.5,9.428571428571429,0.45,0.4,0.15,0.45,28,12,233.33333333333337,1950-04,False,1950,1950,46.46224146224151
1950-05,8.0,8.0,0.5,0.25,0.75,0.5,0.0,6.333333333333333,0.75,0.625,0.125,0.25,16,12,133.33333333333334,1950-05,False,1950,1950,-53.53775853775852
1950-06,5.0,5.0,0.6,0.2,0.8,0.4,0.4,6.0,1.0,0.8,0.2,0.0,13,10,130.0,1950-06,False,1950,1950,-56.87109187109186
1950-07,21.0,21.0,-0.0476190476190476,0.5238095238095238,0.4761904761904761,0.9523809523809524,0.6666666666666666,6.0,0.8571428571428571,0.9523809523809524,0.0,0.0476190476190476,33,12,275.0,1950-07,False,1950,1950,88.12890812890814
1950-08,5.0,5.0,0.2,0.4,0.6,0.8,0.6,6.0,1.0,0.6,0.2,0.2,6,6,100.0,1950-08,False,1950,1950,-86.87109187109186
1950-09,4.0,4.0,0.0,0.5,0.5,1.0,0.75,,0.75,0.5,0.25,0.0,7,6,116.66666666666669,1950-09,False,1950,1950,-70.20442520442518
1950-10,5.0,4.0,0.0,0.5,0.5,1.0,0.4,12.0,0.4,1.0,0.0,0.0,6,3,200.0,1950-10,False,1950,1950,13.128908128908137
1950-11,4.0,4.0,0.5,0.25,0.75,0.5,0.25,,0.5,0.5,0.25,0.0,13,9,144.44444444444446,1950-11,False,1950,1950,-42.426647426647406
1950-12,17.0,13.0,-0.5384615384615384,0.7692307692307693,0.2307692307692307,0.4615384615384615,0.1176470588235294,11.571428571428571,0.4117647058823529,0.7058823529411765,0.2352941176470588,0.0588235294117647,30,12,250.0,1950-12,False,1950,1950,63.12890812890814
1951-01,1.0,1.0,-1.0,1.0,0.0,0.0,0.0,,0.0,0.0,0.0,1.0,1,2,50.0,1951-01,False,1951,1950,-136.87109187109186
1951-02,1.0,1.0,-1.0,1.0,0.0,0.0,1.0,,0.0,0.0,1.0,0.0,2,4,50.0,1951-02,False,1951,1950,-136.87109187109186
1951-03,1.0,1.0,1.0,0.0,1.0,0.0,1.0,,1.0,0.0,1.0,0.0,4,5,80.0,1951-03,False,1951,1950,-106.87109187109186
1951-04,3.0,3.0,-0.3333333333333333,0.6666666666666666,0.3333333333333333,0.6666666666666667,0.3333333333333333,,0.3333333333333333,0.3333333333333333,0.6666666666666666,0.0,4,5,80.0,1951-04,False,1951,1950,-106.87109187109186
1951-05,1.0,1.0,1.0,0.0,1.0,0.0,1.0,,1.0,1.0,0.0,0.0,6,6,100.0,1951-05,False,1951,1950,-86.87109187109186
1951-08,4.0,4.0,0.0,0.5,0.5,1.0,0.75,,0.5,0.0,0.5,0.25,10,7,142.85714285714286,1951-08,False,1951,1950,-44.013949013949
1951-09,2.0,2.0,-1.0,1.0,0.0,0.0,0.0,,1.0,0.0,1.0,0.0,2,4,50.0,1951-09,False,1951,1950,-136.87109187109186
1951-10,2.0,2.0,1.0,0.0,1.0,0.0,0.5,,0.5,1.0,0.0,0.0,3,4,75.0,1951-10,False,1951,1950,-111.87109187109186
1951-12,13.0,12.0,-0.3333333333333333,0.6666666666666666,0.3333333333333333,0.6666666666666667,0.1538461538461538,10.0,0.3076923076923077,0.5384615384615384,0.3846153846153846,0.0769230769230769,18,5,360.0,1951-12,False,1951,1950,173.12890812890814
1952-01,34.0,28.0,0.0714285714285714,0.4642857142857143,0.5357142857142857,0.9285714285714286,0.3529411764705882,10.875,0.2647058823529412,0.4411764705882353,0.1176470588235294,0.4117647058823529,38,12,316.6666666666667,1952-01,False,1952,1950,129.79557479557482
1952-02,6.0,6.0,0.3333333333333333,0.3333333333333333,0.6666666666666666,0.6666666666666667,0.1666666666666666,9.0,0.0,0.0,0.0,1.0,11,3,366.6666666666667,1952-02,False,1952,1950,179.79557479557482
1952-03,6.0,5.0,0.2,0.4,0.6,0.8,0.6666666666666666,6.0,0.3333333333333333,0.1666666666666666,0.5,0.3333333333333333,22,8,275.0,1952-03,False,1952,1950,88.12890812890814
1952-04,5.0,5.0,0.6,0.2,0.8,0.4,0.4,12.0,0.6,1.0,0.0,0.0,5,4,125.0,1952-04,False,1952,1950,-61.87109187109186
1952-05,4.0,4.0,-0.5,0.75,0.25,0.5,0.75,6.0,0.5,0.75,0.25,0.0,8,5,160.0,1952-05,False,1952,1950,-26.871091871091863
1952-06,9.0,9.0,0.1111111111111111,0.4444444444444444,0.5555555555555556,0.8888888888888888,0.6666666666666666,12.0,0.0,0.7777777777777778,0.0,0.2222222222222222,10,4,250.0,1952-06,False,1952,1950,63.12890812890814
1952-07,2.0,2.0,1.0,0.0,1.0,0.0,0.5,4.5,0.5,0.0,1.0,0.0,3,4,75.0,1952-07,False,1952,1950,-111.87109187109186
1952-08,11.0,11.0,0.4545454545454545,0.2727272727272727,0.7272727272727273,0.5454545454545454,0.1818181818181818,12.0,0.2727272727272727,0.3636363636363636,0.0,0.5454545454545454,23,6,383.3333333333333,1952-08,False,1952,1950,196.46224146224145
1952-09,3.0,3.0,0.3333333333333333,0.3333333333333333,0.6666666666666666,0.6666666666666667,0.3333333333333333,12.0,1.0,1.0,0.0,0.0,3,2,150.0,1952-09,False,1952,1950,-36.87109187109186
1952-10,6.0,6.0,0.0,0.5,0.5,1.0,0.3333333333333333,12.0,0.8333333333333334,0.6666666666666666,0.0,0.0,9,6,150.0,1952-10,False,1952,1950,-36.87109187109186
1952-11,33.0,31.0,0.4193548387096774,0.2903225806451613,0.7096774193548387,0.5806451612903225,0.4848484848484848,9.294117647058824,0.3333333333333333,0.5454545454545454,0.0606060606060606,0.3939393939393939,44,9,488.8888888888889,1952-11,False,1952,1950,302.0177970177971
1952-12,23.0,22.0,0.7272727272727273,0.1363636363636363,0.8636363636363636,0.2727272727272727,0.4347826086956521,12.0,0.5652173913043478,0.782608695652174,0.0434782608695652,0.1739130434782608,35,14,250.0,1952-12,False,1952,1950,63.12890812890814
1953-01,68.0,64.0,0.15625,0.421875,0.578125,0.84375,0.3676470588235294,11.181818181818182,0.6470588235294118,0.9411764705882352,0.0147058823529411,0.0441176470588235,76,14,542.8571428571429,1953-01,False,1953,1953,347.23968888254603
1953-02,7.0,6.0,0.6666666666666666,0.1666666666666666,0.8333333333333334,0.3333333333333333,0.2857142857142857,12.0,0.1428571428571428,0.1428571428571428,0.1428571428571428,0.7142857142857143,13,7,185.71428571428572,1953-02,False,1953,1953,-9.903168260311105
1953-03,4.0,4.0,0.0,0.5,0.5,1.0,0.5,12.0,0.5,0.5,0.25,0.25,4,3,133.33333333333334,1953-03,False,1953,1953,-62.284120641263485
1953-04,12.0,12.0,0.0,0.5,0.5,1.0,0.5833333333333334,12.0,0.4166666666666667,0.5,0.1666666666666666,0.3333333333333333,18,9,200.0,1953-04,False,1953,1953,4.3825460254031725
1953-05,13.0,12.0,0.1666666666666666,0.4166666666666667,0.5833333333333334,0.8333333333333334,0.3846153846153846,12.0,0.3846153846153846,0.6923076923076923,0.1538461538461538,0.0769230769230769,19,13,146.15384615384616,1953-05,False,1953,1953,-49.46360782075067
1953-06,4.0,3.0,-0.3333333333333333,0.6666666666666666,0.3333333333333333,0.6666666666666667,0.5,12.0,0.0,0.25,0.0,0.75,15,9,166.66666666666666,1953-06,False,1953,1953,-28.95078730793017
1953-07,6.0,5.0,0.6,0.2,0.8,0.4,0.5,6.0,0.3333333333333333,0.1666666666666666,0.1666666666666666,0.6666666666666666,10,10,100.0,1953-07,True,1953,1953,-95.61745397459683
1953-08,11.0,11.0,0.6363636363636364,0.1818181818181818,0.8181818181818182,0.3636363636363636,0.5454545454545454,11.0,0.3636363636363636,0.4545454545454545,0.2727272727272727,0.1818181818181818,16,11,145.45454545454547,1953-08,True,1953,1953,-50.16290852005136
1953-09,24.0,22.0,0.6363636363636364,0.1818181818181818,0.8181818181818182,0.3636363636363636,0.375,9.6,0.4583333333333333,0.4583333333333333,0.0416666666666666,0.5,34,12,283.3333333333333,1953-09,True,1953,1953,87.71587935873649
1953-10,21.0,20.0,0.1,0.45,0.55,0.9,0.4285714285714285,10.5,0.2857142857142857,0.3809523809523809,0.1428571428571428,0.4285714285714285,24,12,200.0,1953-10,True,1953,1953,4.3825460254031725
1953-11,3.0,3.0,0.3333333333333333,0.3333333333333333,0.6666666666666666,0.6666666666666667,0.0,,0.3333333333333333,0.3333333333333333,0.0,0.6666666666666666,16,9,177.77777777777777,1953-11,True,1953,1953,-17.839676196819056
1953-12,35.0,33.0,0.3939393939393939,0.303030303030303,0.696969696969697,0.6060606060606061,0.2285714285714285,12.0,0.6571428571428571,0.7428571428571429,0.1714285714285714,0.0857142857142857,52,15,346.6666666666667,1953-12,True,1953,1953,151.04921269206986
1954-01,21.0,21.0,0.238095238095238,0.3809523809523809,0.6190476190476191,0.7619047619047619,0.4761904761904761,7.285714285714286,0.4761904761904761,0.5238095238095238,0.0476190476190476,0.4285714285714285,47,14,335.7142857142857,1954-01,True,1954,1953,140.0968317396889
1954-02,16.0,13.0,0.2307692307692307,0.3846153846153846,0.6153846153846154,0.7692307692307692,0.375,10.5,0.5,0.3125,0.25,0.4375,35,16,218.75,1954-02,True,1954,1953,23.132546025403173
1954-03,18.0,17.0,0.5294117647058824,0.2352941176470588,0.7647058823529411,0.4705882352941176,0.4444444444444444,10.0,0.3888888888888889,0.6111111111111112,0.1666666666666666,0.2222222222222222,32,13,246.15384615384616,1954-03,True,1954,1953,50.53639217924933
1954-04,12.0,11.0,0.0909090909090909,0.4545454545454545,0.5454545454545454,0.9090909090909092,0.3333333333333333,7.5,0.8333333333333334,0.4166666666666667,0.4166666666666667,0.1666666666666666,19,13,146.15384615384616,1954-04,True,1954,1953,-49.46360782075067
1954-05,14.0,14.0,0.7142857142857143,0.1428571428571428,0.8571428571428571,0.2857142857142857,0.5,10.5,0.3571428571428571,0.3571428571428571,0.2142857142857142,0.4285714285714285,25,15,166.66666666666666,1954-05,True,1954,1953,-28.95078730793017
1954-06,6.0,6.0,0.3333333333333333,0.3333333333333333,0.6666666666666666,0.6666666666666667,0.0,9.0,0.1666666666666666,0.1666666666666666,0.1666666666666666,0.6666666666666666,9,16,56.25,1954-06,False,1954,1953,-139.36745397459683
1954-07,16.0,16.0,0.5,0.25,0.75,0.5,0.625,8.0,0.4375,0.375,0.1875,0.4375,21,14,150.0,1954-07,False,1954,1953,-45.61745397459683
1954-08,6.0,5.0,1.0,0.0,1.0,0.0,0.3333333333333333,6.0,0.3333333333333333,0.1666666666666666,0.3333333333333333,0.5,12,10,120.0,1954-08,False,1954,1953,-75.61745397459683
1954-09,8.0,8.0,0.5,0.25,0.75,0.5,0.75,12.0,0.25,0.625,0.0,0.375,12,9,133.33333333333334,1954-09,False,1954,1953,-62.284120641263485
1954-10,22.0,20.0,0.7,0.15,0.85,0.3,0.4545454545454545,11.4,0.3636363636363636,0.9545454545454546,0.0,0.0454545454545454,35,13,269.2307692307692,1954-10,False,1954,1953,73.6133152561724
1954-11,22.0,22.0,0.7272727272727273,0.1363636363636363,0.8636363636363636,0.2727272727272727,0.4090909090909091,10.2,0.2727272727272727,0.5909090909090909,0.0909090909090909,0.3181818181818182,38,16,237.5,1954-11,False,1954,1953,41.88254602540317
1954-12,32.0,29.0,0.7931034482758621,0.1034482758620689,0.896551724137931,0.2068965517241379,0.4375,12.0,0.65625,0.625,0.09375,0.25,34,13,261.53846153846155,1954-12,False,1954,1953,65.92100756386472
1955-01,11.0,10.0,0.6,0.2,0.8,0.4,0.3636363636363636,12.0,0.9090909090909092,0.7272727272727273,0.1818181818181818,0.0909090909090909,30,12,250.0,1955-01,False,1955,1953,54.38254602540317
1955-02,15.0,15.0,0.3333333333333333,0.3333333333333333,0.6666666666666666,0.6666666666666667,0.6,11.333333333333334,0.2,0.1333333333333333,0.1333333333333333,0.7333333333333333,22,13,169.23076923076923,1955-02,False,1955,1953,-26.3866847438276
1955-03,8.0,8.0,0.25,0.375,0.625,0.75,0.375,12.0,0.625,0.375,0.375,0.25,13,13,100.0,1955-03,False,1955,1953,-95.61745397459683
1955-04,5.0,5.0,0.6,0.2,0.8,0.4,0.4,,0.4,0.8,0.0,0.0,12,10,120.0,1955-04,False,1955,1953,-75.61745397459683
1955-05,8.0,8.0,0.5,0.25,0.75,0.5,0.375,12.0,0.625,0.375,0.375,0.25,16,11,145.45454545454547,1955-05,False,1955,1953,-50.16290852005136
1955-06,8.0,8.0,0.5,0.25,0.75,0.5,0.5,9.0,0.5,0.5,0.0,0.5,22,8,275.0,1955-06,False,1955,1953,79.38254602540317
1955-07,8.0,8.0,0.75,0.125,0.875,0.25,0.0,8.0,0.875,0.375,0.25,0.375,14,9,155.55555555555554,1955-07,False,1955,1953,-40.061898419041285
1955-08,3.0,3.0,1.0,0.0,1.0,0.0,0.3333333333333333,12.0,0.6666666666666666,0.3333333333333333,0.3333333333333333,0.3333333333333333,7,6,116.66666666666669,1955-08,False,1955,1953,-78.95078730793014
1955-09,9.0,7.0,0.1428571428571428,0.4285714285714285,0.5714285714285714,0.8571428571428572,0.4444444444444444,8.333333333333334,0.3333333333333333,0.7777777777777778,0.0,0.2222222222222222,16,11,145.45454545454547,1955-09,False,1955,1953,-50.16290852005136
1955-11,8.0,8.0,1.0,0.0,1.0,0.0,0.375,11.0,0.25,0.5,0.0,0.5,10,5,200.0,1955-11,False,1955,1953,4.3825460254031725
1955-12,9.0,9.0,0.3333333333333333,0.3333333333333333,0.6666666666666666,0.6666666666666667,0.3333333333333333,10.8,0.3333333333333333,0.2222222222222222,0.1111111111111111,0.6666666666666666,18,9,200.0,1955-12,False,1955,1953,4.3825460254031725
1956-01,22.0,22.0,0.0909090909090909,0.4545454545454545,0.5454545454545454,0.9090909090909092,0.2272727272727272,11.6,0.6363636363636364,0.6363636363636364,0.0909090909090909,0.2727272727272727,39,12,325.0,1956-01,False,1956,1956,102.10567981401314
1956-02,10.0,9.0,0.3333333333333333,0.3333333333333333,0.6666666666666666,0.6666666666666667,0.4,12.0,0.3,0.3,0.1,0.6,21,7,300.0,1956-02,False,1956,1956,77.10567981401314
1956-03,10.0,10.0,0.2,0.4,0.6,0.8,0.4,12.0,0.7,0.5,0.2,0.2,11,7,157.14285714285714,1956-03,False,1956,1956,-65.75146304312972
1956-04,11.0,9.0,0.7777777777777778,0.1111111111111111,0.8888888888888888,0.2222222222222222,0.3636363636363636,7.4,0.4545454545454545,0.8181818181818182,0.0909090909090909,0.0909090909090909,19,9,211.11111111111111,1956-04,False,1956,1956,-11.783209074875742
1956-05,8.0,8.0,1.0,0.0,1.0,0.0,0.375,9.0,0.375,0.375,0.0,0.625,17,9,188.88888888888889,1956-05,False,1956,1956,-34.00543129709797
1956-06,1.0,1.0,1.0,0.0,1.0,0.0,0.0,,0.0,0.0,1.0,0.0,2,7,28.571428571428573,1956-06,False,1956,1956,-194.32289161455827
1956-07,36.0,31.0,0.6774193548387096,0.1612903225806451,0.8387096774193549,0.3225806451612903,0.6666666666666666,9.391304347826088,0.25,0.8055555555555556,0.0833333333333333,0.1111111111111111,45,14,321.42857142857144,1956-07,False,1956,1956,98.53425124258459
1956-08,10.0,10.0,0.2,0.4,0.6,0.8,0.8,12.0,0.4,0.4,0.2,0.4,11,7,157.14285714285714,1956-08,False,1956,1956,-65.75146304312972
1956-09,4.0,4.0,-0.5,0.75,0.25,0.5,0.25,6.0,1.0,1.0,0.0,0.0,6,1,600.0,1956-09,False,1956,1956,377.1056798140131
1956-10,3.0,3.0,1.0,0.0,1.0,0.0,0.3333333333333333,12.0,1.0,1.0,0.0,0.0,4,3,133.33333333333334,1956-10,False,1956,1956,-89.56098685265351
1956-11,11.0,11.0,-0.0909090909090909,0.5454545454545454,0.4545454545454545,0.9090909090909092,0.5454545454545454,9.25,0.3636363636363636,0.5454545454545454,0.0909090909090909,0.3636363636363636,14,9,155.55555555555554,1956-11,False,1956,1956,-67.33876463043131
1956-12,18.0,18.0,0.2222222222222222,0.3888888888888889,0.6111111111111112,0.7777777777777778,0.1666666666666666,12.0,0.6666666666666666,0.6666666666666666,0.1111111111111111,0.2222222222222222,26,8,325.0,1956-12,False,1956,1956,102.10567981401314
1957-01,15.0,12.0,0.1666666666666666,0.4166666666666667,0.5833333333333334,0.8333333333333334,0.6,,0.2666666666666666,0.6,0.0666666666666666,0.3333333333333333,32,15,213.33333333333337,1957-01,False,1957,1956,-9.560986852653485
1957-02,3.0,3.0,-0.3333333333333333,0.6666666666666666,0.3333333333333333,0.6666666666666667,0.6666666666666666,12.0,1.0,1.0,0.0,0.0,3,4,75.0,1957-02,False,1957,1956,-147.89432018598686
1957-03,2.0,2.0,0.0,0.5,0.5,1.0,0.0,6.0,0.5,0.5,0.0,0.5,11,3,366.6666666666667,1957-03,False,1957,1956,143.77234648067983
1957-04,20.0,17.0,0.2941176470588235,0.3529411764705882,0.6470588235294118,0.7058823529411764,0.35,13.0,0.75,0.65,0.1,0.15,27,8,337.5,1957-04,False,1957,1956,114.60567981401314
1957-05,13.0,13.0,0.3846153846153846,0.3076923076923077,0.6923076923076923,0.6153846153846154,0.3076923076923077,12.0,0.4615384615384615,0.6923076923076923,0.2307692307692307,0.0769230769230769,15,6,250.0,1957-05,False,1957,1956,27.105679814013143
1957-06,12.0,12.0,0.6666666666666666,0.1666666666666666,0.8333333333333334,0.3333333333333333,0.3333333333333333,8.0,0.5833333333333334,0.6666666666666666,0.0833333333333333,0.25,14,8,175.0,1957-06,False,1957,1956,-47.89432018598686
1957-07,7.0,6.0,0.3333333333333333,0.3333333333333333,0.6666666666666666,0.6666666666666667,0.1428571428571428,12.0,0.1428571428571428,0.1428571428571428,0.0,0.8571428571428571,11,4,275.0,1957-07,False,1957,1956,52.10567981401314
1957-08,14.0,14.0,0.5714285714285714,0.2142857142857142,0.7857142857142857,0.4285714285714286,0.4285714285714285,7.5,0.3571428571428571,0.7857142857142857,0.0714285714285714,0.1428571428571428,19,6,316.6666666666667,1957-08,True,1957,1956,93.77234648067983
1957-09,2.0,2.0,-1.0,1.0,0.0,0.0,0.0,,0.5,0.0,1.0,0.0,2,4,50.0,1957-09,True,1957,1956,-172.89432018598686
1957-10,23.0,22.0,0.2727272727272727,0.3636363636363636,0.6363636363636364,0.7272727272727273,0.5652173913043478,9.0,0.3043478260869565,0.5217391304347826,0.217391304347826,0.2608695652173913,27,13,207.69230769230768,1957-10,True,1957,1956,-15.202012493679177
1957-11,15.0,13.0,0.2307692307692307,0.3846153846153846,0.6153846153846154,0.7692307692307692,0.3333333333333333,11.4,0.6666666666666666,0.4,0.4,0.1333333333333333,23,7,328.57142857142856,1957-11,True,1957,1956,105.6771083854417
1957-12,22.0,21.0,0.4285714285714285,0.2857142857142857,0.7142857142857143,0.5714285714285714,0.5909090909090909,10.8,0.5,0.7272727272727273,0.0454545454545454,0.1818181818181818,33,9,366.6666666666667,1957-12,True,1957,1956,143.77234648067983
1958-01,21.0,21.0,0.4285714285714285,0.2857142857142857,0.7142857142857143,0.5714285714285714,0.6190476190476191,8.4,0.5714285714285714,0.4761904761904761,0.238095238095238,0.238095238095238,41,18,227.77777777777777,1958-01,True,1958,1956,4.883457591790915
1958-02,8.0,8.0,0.25,0.375,0.625,0.75,0.625,10.5,0.375,0.25,0.125,0.625,13,8,162.5,1958-02,True,1958,1956,-60.39432018598686
1958-03,19.0,19.0,0.2631578947368421,0.3684210526315789,0.631578947368421,0.736842105263158,0.3157894736842105,9.571428571428571,0.7368421052631579,0.4736842105263157,0.4210526315789473,0.1052631578947368,25,13,192.30769230769232,1958-03,True,1958,1956,-30.586627878294536
1958-04,6.0,6.0,0.6666666666666666,0.1666666666666666,0.8333333333333334,0.3333333333333333,1.0,7.5,0.1666666666666666,0.1666666666666666,0.0,0.6666666666666666,11,8,137.5,1958-04,True,1958,1956,-85.39432018598686
1958-05,14.0,14.0,0.5714285714285714,0.2142857142857142,0.7857142857142857,0.4285714285714286,0.5,6.0,0.7142857142857143,0.2857142857142857,0.5,0.1428571428571428,19,12,158.33333333333334,1958-05,False,1958,1956,-64.56098685265351
1958-06,17.0,17.0,0.4117647058823529,0.2941176470588235,0.7058823529411765,0.5882352941176471,0.1764705882352941,11.0,0.8823529411764706,0.1764705882352941,0.7058823529411765,0.1176470588235294,30,12,250.0,1958-06,False,1958,1956,27.105679814013143
1958-07,5.0,5.0,-0.6,0.8,0.2,0.4,0.4,9.0,0.0,0.0,0.0,1.0,8,6,133.33333333333334,1958-07,False,1958,1956,-89.56098685265351
1958-08,5.0,5.0,-0.2,0.6,0.4,0.8,0.6,12.0,0.2,0.2,0.2,0.0,10,8,125.0,1958-08,False,1958,1956,-97.89432018598686
1958-09,16.0,16.0,0.5,0.25,0.75,0.5,0.625,7.0,0.4375,1.0,0.0,0.0,22,8,275.0,1958-09,False,1958,1956,52.10567981401314
1958-10,13.0,13.0,0.8461538461538461,0.0769230769230769,0.9230769230769232,0.1538461538461538,0.3846153846153846,10.285714285714286,0.6153846153846154,0.5384615384615384,0.4615384615384615,0.0,27,15,180.0,1958-10,False,1958,1956,-42.89432018598686
1958-11,3.0,3.0,-0.3333333333333333,0.6666666666666666,0.3333333333333333,0.6666666666666667,0.0,9.0,0.6666666666666666,0.0,0.6666666666666666,0.3333333333333333,4,9,44.44444444444444,1958-11,False,1958,1956,-178.44987574154243
1958-12,17.0,17.0,0.6470588235294118,0.1764705882352941,0.8235294117647058,0.3529411764705882,0.3529411764705882,10.285714285714286,0.8823529411764706,0.8823529411764706,0.0588235294117647,0.0588235294117647,30,11,272.72727272727275,1958-12,False,1958,1956,49.83295254128589
1959-01,29.0,27.0,0.1851851851851851,0.4074074074074074,0.5925925925925926,0.8148148148148149,0.1724137931034483,10.466666666666669,0.3793103448275862,0.5862068965517241,0.0,0.4137931034482758,41,13,315.38461538461536,1959-01,False,1959,1959,127.0844047927381
1959-02,4.0,4.0,0.5,0.25,0.75,0.5,0.25,12.0,0.5,0.75,0.0,0.25,9,7,128.57142857142858,1959-02,False,1959,1959,-59.728782020448676
1959-03,2.0,2.0,0.0,0.5,0.5,1.0,0.0,,0.5,0.5,0.5,0.0,3,5,60.0,1959-03,False,1959,1959,-128.30021059187726
1959-04,1.0,1.0,1.0,0.0,1.0,0.0,1.0,,0.0,0.0,0.0,1.0,5,4,125.0,1959-04,False,1959,1959,-63.30021059187726
1959-05,12.0,12.0,0.5,0.25,0.75,0.5,0.4166666666666667,9.5,0.3333333333333333,0.5833333333333334,0.1666666666666666,0.25,13,6,216.66666666666663,1959-05,False,1959,1959,28.36645607478937
1959-06,12.0,12.0,-0.1666666666666666,0.5833333333333334,0.4166666666666667,0.8333333333333334,0.3333333333333333,9.0,0.75,0.3333333333333333,0.0833333333333333,0.5833333333333334,16,10,160.0,1959-06,False,1959,1959,-28.30021059187726
1959-07,6.0,6.0,0.3333333333333333,0.3333333333333333,0.6666666666666666,0.6666666666666667,0.8333333333333334,9.0,0.3333333333333333,0.6666666666666666,0.1666666666666666,0.1666666666666666,11,7,157.14285714285714,1959-07,False,1959,1959,-31.15735344902012
1959-08,2.0,2.0,1.0,0.0,1.0,0.0,0.5,6.0,1.0,1.0,0.0,0.0,6,7,85.71428571428571,1959-08,False,1959,1959,-102.58592487759155
1959-09,3.0,3.0,1.0,0.0,1.0,0.0,0.0,,0.0,1.0,0.0,0.0,10,6,166.66666666666666,1959-09,False,1959,1959,-21.633543925210603
1959-10,2.0,2.0,1.0,0.0,1.0,0.0,0.0,12.0,1.0,0.0,1.0,0.0,9,6,150.0,1959-10,False,1959,1959,-38.30021059187726
1959-11,3.0,3.0,0.3333333333333333,0.3333333333333333,0.6666666666666666,0.6666666666666667,0.3333333333333333,12.0,0.6666666666666666,0.6666666666666666,0.0,0.0,4,4,100.0,1959-11,False,1959,1959,-88.30021059187726
1959-12,16.0,16.0,0.0,0.5,0.5,1.0,0.1875,12.0,0.5625,0.5625,0.0,0.1875,22,7,314.2857142857143,1959-12,False,1959,1959,125.98550369383702
1960-01,19.0,19.0,0.1578947368421052,0.4210526315789473,0.5789473684210527,0.8421052631578947,0.3157894736842105,10.5,0.8421052631578947,0.8947368421052632,0.0,0.1052631578947368,34,10,340.0,1960-01,False,1960,1959,151.69978940812274
1960-02,9.0,9.0,0.5555555555555556,0.2222222222222222,0.7777777777777778,0.4444444444444444,0.2222222222222222,10.5,0.3333333333333333,0.7777777777777778,0.2222222222222222,0.0,13,6,216.66666666666663,1960-02,False,1960,1959,28.36645607478937
1960-03,11.0,11.0,0.6363636363636364,0.1818181818181818,0.8181818181818182,0.3636363636363636,0.4545454545454545,10.0,0.5454545454545454,0.1818181818181818,0.7272727272727273,0.0,13,9,144.44444444444446,1960-03,False,1960,1959,-43.8557661474328
1960-04,18.0,18.0,0.7777777777777778,0.1111111111111111,0.8888888888888888,0.2222222222222222,0.6666666666666666,8.0,0.8888888888888888,0.8888888888888888,0.0555555555555555,0.0555555555555555,23,9,255.55555555555551,1960-04,True,1960,1959,67.25534496367825
1960-05,13.0,13.0,0.5384615384615384,0.2307692307692307,0.7692307692307693,0.4615384615384615,0.5384615384615384,12.0,0.5384615384615384,0.8461538461538461,0.1538461538461538,0.0,15,6,250.0,1960-05,True,1960,1959,61.69978940812274
1960-06,7.0,6.0,1.0,0.0,1.0,0.0,0.4285714285714285,6.0,0.7142857142857143,0.2857142857142857,0.4285714285714285,0.0,19,8,237.5,1960-06,True,1960,1959,49.19978940812274
1960-07,5.0,5.0,-0.2,0.6,0.4,0.8,0.8,8.0,0.2,0.2,0.0,0.6,8,10,80.0,1960-07,True,1960,1959,-108.30021059187726
1960-08,5.0,4.0,0.0,0.5,0.5,1.0,0.4,,0.4,0.2,0.8,0.0,9,8,112.5,1960-08,True,1960,1959,-75.80021059187726
1960-09,15.0,14.0,0.8571428571428571,0.0714285714285714,0.9285714285714286,0.1428571428571429,0.3333333333333333,12.0,0.6666666666666666,0.6,0.2666666666666666,0.1333333333333333,23,12,191.66666666666663,1960-09,True,1960,1959,3.366456074789369
1960-10,16.0,15.0,-0.2,0.6,0.4,0.8,0.375,12.0,0.75,0.375,0.375,0.25,20,8,250.0,1960-10,True,1960,1959,61.69978940812274
1960-11,14.0,14.0,0.4285714285714285,0.2857142857142857,0.7142857142857143,0.5714285714285714,0.3571428571428571,10.5,0.4285714285714285,0.5,0.0714285714285714,0.3571428571428571,26,10,260.0,1960-11,True,1960,1959,71.69978940812274
1960-12,28.0,23.0,-0.0434782608695652,0.5217391304347826,0.4782608695652174,0.9565217391304348,0.3928571428571428,10.75,0.6785714285714286,0.8214285714285714,0.0714285714285714,0.1071428571428571,32,13,246.15384615384616,1960-12,True,1960,1959,57.8536355619689
1961-01,30.0,29.0,0.4482758620689655,0.2758620689655172,0.7241379310344828,0.5517241379310345,0.3666666666666666,9.6,0.6333333333333333,0.7,0.1,0.1,49,15,326.6666666666667,1961-01,True,1961,1959,138.36645607478943
1961-02,20.0,20.0,0.1,0.45,0.55,0.9,0.5,11.6,0.6,0.15,0.5,0.35,24,14,171.42857142857142,1961-02,True,1961,1959,-16.871639163305844
1961-03,15.0,14.0,0.8571428571428571,0.0714285714285714,0.9285714285714286,0.1428571428571429,0.3333333333333333,12.0,0.5333333333333333,0.4666666666666667,0.2,0.3333333333333333,19,9,211.11111111111111,1961-03,False,1961,1959,22.810900519233854
1961-04,13.0,12.0,1.0,0.0,1.0,0.0,0.5384615384615384,9.0,0.3846153846153846,0.4615384615384615,0.0,0.5384615384615384,18,9,200.0,1961-04,False,1961,1959,11.69978940812274
1961-05,7.0,7.0,1.0,0.0,1.0,0.0,0.8571428571428571,12.0,0.4285714285714285,0.1428571428571428,0.2857142857142857,0.5714285714285714,8,5,160.0,1961-05,False,1961,1959,-28.30021059187726
1961-06,14.0,14.0,0.8571428571428571,0.0714285714285714,0.9285714285714286,0.1428571428571429,0.3571428571428571,7.5,0.7857142857142857,0.7857142857142857,0.1428571428571428,0.0714285714285714,24,11,218.1818181818182,1961-06,False,1961,1959,29.881607589940927
1961-07,5.0,5.0,-1.0,1.0,0.0,0.0,0.4,9.0,0.4,0.2,0.6,0.2,7,8,87.5,1961-07,False,1961,1959,-100.80021059187726
1961-08,3.0,3.0,0.3333333333333333,0.3333333333333333,0.6666666666666666,0.6666666666666667,0.0,12.0,1.0,0.3333333333333333,0.6666666666666666,0.0,12,6,200.0,1961-08,False,1961,1959,11.69978940812274
1961-09,7.0,7.0,0.7142857142857143,0.1428571428571428,0.8571428571428571,0.2857142857142857,0.1428571428571428,12.0,0.7142857142857143,1.0,0.0,0.0,10,7,142.85714285714286,1961-09,False,1961,1959,-45.4430677347344
1961-10,5.0,5.0,0.2,0.4,0.6,0.8,0.8,12.0,0.6,0.8,0.0,0.0,5,5,100.0,1961-10,False,1961,1959,-88.30021059187726
1961-11,3.0,3.0,1.0,0.0,1.0,0.0,0.0,6.0,1.0,1.0,0.0,0.0,18,7,257.14285714285717,1961-11,False,1961,1959,68.84264655097991
1961-12,3.0,3.0,1.0,0.0,1.0,0.0,0.3333333333333333,12.0,0.6666666666666666,0.6666666666666666,0.0,0.3333333333333333,7,5,140.0,1961-12,False,1961,1959,-48.30021059187726
1962-01,10.0,9.0,0.1111111111111111,0.4444444444444444,0.5555555555555556,0.8888888888888888,0.4,12.0,0.3,0.8,0.1,0.1,35,12,291.6666666666667,1962-01,False,1962,1962,88.35164835164838
1962-02,12.0,10.0,0.4,0.3,0.7,0.6,0.3333333333333333,10.0,0.75,0.5833333333333334,0.1666666666666666,0.25,20,7,285.7142857142857,1962-02,False,1962,1962,82.39926739926742
1962-03,1.0,1.0,1.0,0.0,1.0,0.0,1.0,,0.0,1.0,0.0,0.0,1,4,25.0,1962-03,False,1962,1962,-178.3150183150183
1962-04,7.0,7.0,0.4285714285714285,0.2857142857142857,0.7142857142857143,0.5714285714285714,0.7142857142857143,,0.4285714285714285,0.5714285714285714,0.0,0.4285714285714285,8,7,114.28571428571428,1962-04,False,1962,1962,-89.02930402930403
1962-05,12.0,12.0,0.5,0.25,0.75,0.5,0.3333333333333333,9.0,0.6666666666666666,0.3333333333333333,0.4166666666666667,0.1666666666666666,14,7,200.0,1962-05,False,1962,1962,-3.315018315018307
1962-06,19.0,19.0,-0.0526315789473684,0.5263157894736842,0.4736842105263157,0.9473684210526316,0.7368421052631579,11.142857142857142,0.5789473684210527,0.631578947368421,0.0526315789473684,0.3157894736842105,25,13,192.30769230769232,1962-06,False,1962,1962,-11.007326007325986
1962-08,18.0,16.0,0.0,0.5,0.5,1.0,0.5555555555555556,10.8,0.7222222222222222,0.7222222222222222,0.0,0.2777777777777778,22,8,275.0,1962-08,False,1962,1962,71.6849816849817
1962-10,7.0,7.0,0.7142857142857143,0.1428571428571428,0.8571428571428571,0.2857142857142857,0.2857142857142857,,0.1428571428571428,0.1428571428571428,0.0,0.8571428571428571,7,3,233.33333333333337,1962-10,False,1962,1962,30.018315018315064
1962-11,25.0,25.0,-0.12,0.56,0.44,0.88,0.36,12.0,0.28,0.32,0.04,0.64,27,8,337.5,1962-11,False,1962,1962,134.1849816849817
1962-12,38.0,34.0,0.0,0.5,0.5,1.0,0.3157894736842105,11.75,0.7894736842105263,0.8421052631578947,0.0526315789473684,0.0,54,13,415.38461538461536,1962-12,False,1962,1962,212.06959706959705
1963-01,13.0,12.0,0.5,0.25,0.75,0.5,0.3076923076923077,,0.6153846153846154,0.0,0.6153846153846154,0.3846153846153846,26,10,260.0,1963-01,False,1963,1962,56.68498168498169
1963-02,4.0,4.0,1.0,0.0,1.0,0.0,0.5,,1.0,1.0,0.0,0.0,4,3,133.33333333333334,1963-02,False,1963,1962,-69.98168498168496
1963-03,28.0,25.0,0.44,0.28,0.72,0.56,0.4642857142857143,10.5,0.4285714285714285,0.4285714285714285,0.0714285714285714,0.3928571428571428,30,12,250.0,1963-03,False,1963,1962,46.68498168498169
1963-04,4.0,4.0,0.0,0.5,0.5,1.0,0.5,,0.25,0.5,0.0,0.5,8,6,133.33333333333334,1963-04,False,1963,1962,-69.98168498168496
1963-05,8.0,6.0,1.0,0.0,1.0,0.0,0.375,12.0,0.875,0.875,0.0,0.125,10,6,166.66666666666666,1963-05,False,1963,1962,-36.64835164835165
1963-06,2.0,2.0,-1.0,1.0,0.0,0.0,0.0,,0.0,0.0,0.0,1.0,6,4,150.0,1963-06,False,1963,1962,-53.31501831501831
1963-07,6.0,6.0,0.6666666666666666,0.1666666666666666,0.8333333333333334,0.3333333333333333,0.8333333333333334,8.0,0.8333333333333334,0.8333333333333334,0.0,0.1666666666666666,11,5,220.0,1963-07,False,1963,1962,16.684981684981693
1963-08,3.0,3.0,-0.3333333333333333,0.6666666666666666,0.3333333333333333,0.6666666666666667,0.0,,0.3333333333333333,0.6666666666666666,0.0,0.3333333333333333,7,8,87.5,1963-08,False,1963,1962,-115.8150183150183
1963-09,8.0,7.0,1.0,0.0,1.0,0.0,0.0,10.0,0.875,0.625,0.375,0.0,16,10,160.0,1963-09,False,1963,1962,-43.31501831501831
1963-10,6.0,6.0,0.6666666666666666,0.1666666666666666,0.8333333333333334,0.3333333333333333,0.5,12.0,0.6666666666666666,0.1666666666666666,0.5,0.3333333333333333,16,7,228.57142857142856,1963-10,False,1963,1962,25.25641025641025
1963-11,2.0,2.0,-1.0,1.0,0.0,0.0,0.5,24.0,0.0,0.0,0.0,1.0,4,3,133.33333333333334,1963-11,False,1963,1962,-69.98168498168496
1963-12,4.0,4.0,0.5,0.25,0.75,0.5,0.75,7.5,0.25,0.0,1.0,0.0,9,5,180.0,1963-12,False,1963,1962,-23.315018315018307
